{
    "default_interpolator": "CatmullRomInterpolator",
    "name": "Kopfstand",
"discription": "Versucht einen Kopfstand",
    "keyframes": [
        {
            "duration": 1.0,
            "pause": 0.0,
            "goals": {
                "LShoulderPitch": -12.12890625,
                "LShoulderRoll": 35.33203125,
                "RShoulderRoll": -34.98046875,
                "HeadTilt": -5.0,
                "LKnee": -129.287109375,
                "RHipYaw": -0.439453125,
                "LAnklePitch": -70.6640625,
                "RKnee": 128.759765625,
                "RAnkleRoll": 1.318359375,
                "RAnklePitch": 70.13671875,
                "LHipPitch": 68.73046875,
                "LHipYaw": -1.318359375,
                "LHipRoll": -0.087890625,
                "RHipRoll": -0.087890625,
                "LAnkleRoll": -0.966796875,
                "LElbow": 19.51171875,
                "RElbow": -45.791015625,
                "RHipPitch": -70.400390625,
                "HeadPan": -0.087890625,
                "RShoulderPitch": 15.1171875
            }
        },
        {
            "duration": 1.0,
            "pause": 0.0,
            "goals": {
                "LShoulderPitch": -42.890625,
                "LShoulderRoll": 41.484375,
                "RShoulderRoll": -38.759765625,
                "HeadTilt": -5.0,
                "LKnee": -99.052734375,
                "RHipYaw": -0.439453125,
                "LAnklePitch": -70.6640625,
                "RKnee": 97.734375,
                "RAnkleRoll": 1.318359375,
                "RAnklePitch": 70.13671875,
                "LHipPitch": 94.21875,
                "LHipYaw": -1.318359375,
                "LHipRoll": -0.087890625,
                "RHipRoll": -0.087890625,
                "LAnkleRoll": -0.966796875,
                "LElbow": -1.58203125,
                "RElbow": -0.703125,
                "RHipPitch": -97.91015625,
                "HeadPan": -0.087890625,
                "RShoulderPitch": 38.84765625
            }
        },
        {
            "duration": 1.0,
            "pause": 0.0,
            "goals": {
                "LShoulderPitch": -82.705078125,
                "LShoulderRoll": 41.220703125,
                "RShoulderRoll": -38.759765625,
                "HeadTilt": -5.0,
                "LKnee": -0.703125,
                "RHipYaw": -0.439453125,
                "LAnklePitch": -70.6640625,
                "RKnee": -1.58203125,
                "RAnkleRoll": 1.318359375,
                "RAnklePitch": 70.13671875,
                "LHipPitch": 94.482421875,
                "LHipYaw": -1.318359375,
                "LHipRoll": -0.087890625,
                "RHipRoll": -0.087890625,
                "LAnkleRoll": -0.966796875,
                "LElbow": -61.611328125,
                "RElbow": 56.689453125,
                "RHipPitch": -97.646484375,
                "HeadPan": -0.087890625,
                "RShoulderPitch": 79.541015625
            }
        },
        {
            "duration": 1.0,
            "pause": 0.0,
            "goals": {
                "LShoulderPitch": -150.029296875,
                "LShoulderRoll": 41.220703125,
                "RShoulderRoll": -38.759765625,
                "HeadTilt": -5.0,
                "LKnee": -0.703125,
                "RHipYaw": -0.439453125,
                "LAnklePitch": -70.6640625,
                "RKnee": -1.58203125,
                "RAnkleRoll": 1.318359375,
                "RAnklePitch": 70.13671875,
                "LHipPitch": 94.482421875,
                "LHipYaw": -1.318359375,
                "LHipRoll": -0.087890625,
                "RHipRoll": -0.087890625,
                "LAnkleRoll": -0.966796875,
                "LElbow": -61.611328125,
                "RElbow": 56.689453125,
                "RHipPitch": -97.646484375,
                "HeadPan": -0.087890625,
                "RShoulderPitch": 149.501953125
            }
        },
        {
            "duration": 1.0,
            "pause": 0.0,
            "goals": {
                "LShoulderPitch": -150.029296875,
                "LShoulderRoll": -39.90234375,
                "RShoulderRoll": 37.08984375,
                "HeadTilt": -5.0,
                "LKnee": -0.703125,
                "RHipYaw": -0.439453125,
                "LAnklePitch": -70.6640625,
                "RKnee": -1.58203125,
                "RAnkleRoll": 1.318359375,
                "RAnklePitch": 70.13671875,
                "LHipPitch": 94.482421875,
                "LHipYaw": -1.318359375,
                "LHipRoll": -0.087890625,
                "RHipRoll": -0.087890625,
                "LAnkleRoll": -0.966796875,
                "LElbow": 73.388671875,
                "RElbow": -64.86328125,
                "RHipPitch": -97.646484375,
                "HeadPan": -0.087890625,
                "RShoulderPitch": 149.501953125
            }
        },
        {
            "duration": 1.0,
            "pause": 0.0,
            "goals": {
                "LShoulderPitch": -22.939453125,
                "LShoulderRoll": -49.04296875,
                "RShoulderRoll": 45.0,
                "HeadTilt": -5.0,
                "LKnee": -0.703125,
                "RHipYaw": -0.439453125,
                "LAnklePitch": -70.6640625,
                "RKnee": -1.58203125,
                "RAnkleRoll": 1.318359375,
                "RAnklePitch": 70.13671875,
                "LHipPitch": 94.482421875,
                "LHipYaw": -1.318359375,
                "LHipRoll": -0.087890625,
                "RHipRoll": -0.087890625,
                "LAnkleRoll": -0.966796875,
                "LElbow": 88.330078125,
                "RElbow": -94.658203125,
                "RHipPitch": -97.646484375,
                "HeadPan": -0.087890625,
                "RShoulderPitch": 18.017578125
            }
        },
        {
            "duration": 1.0,
            "pause": 0.0,
            "goals": {
                "LShoulderPitch": -4.74609375,
                "LShoulderRoll": 39.7265625,
                "RShoulderRoll": -46.0546875,
                "HeadTilt": -5.0,
                "LKnee": -0.703125,
                "RHipYaw": -0.439453125,
                "LAnklePitch": -70.6640625,
                "RKnee": -1.58203125,
                "RAnkleRoll": 1.318359375,
                "RAnklePitch": 70.13671875,
                "LHipPitch": 94.482421875,
                "LHipYaw": -1.318359375,
                "LHipRoll": -0.087890625,
                "RHipRoll": -0.087890625,
                "LAnkleRoll": -0.966796875,
                "LElbow": -44.033203125,
                "RElbow": 45.87890625,
                "RHipPitch": -97.646484375,
                "HeadPan": -0.087890625,
                "RShoulderPitch": 4.833984375
            }
        },
        {
            "duration": 1.0,
            "pause": 0.0,
            "goals": {
                "LShoulderPitch": -4.74609375,
                "LShoulderRoll": 39.7265625,
                "RShoulderRoll": -46.0546875,
                "HeadTilt": -5.0,
                "LKnee": -0.703125,
                "RHipYaw": -0.439453125,
                "LAnklePitch": -70.6640625,
                "RKnee": 79.27734375,
                "RAnkleRoll": 1.318359375,
                "RAnklePitch": 59.94140625,
                "LHipPitch": 94.482421875,
                "LHipYaw": -1.318359375,
                "LHipRoll": -0.087890625,
                "RHipRoll": -0.087890625,
                "LAnkleRoll": -0.966796875,
                "LElbow": -44.033203125,
                "RElbow": 45.87890625,
                "RHipPitch": 30.9375,
                "HeadPan": -0.087890625,
                "RShoulderPitch": 4.833984375
            }
        },
        {
            "duration": 1.0,
            "pause": 0.0,
            "goals": {
                "LShoulderPitch": -30.234375,
                "LShoulderRoll": 39.7265625,