{
    "default_interpolator": "CatmullRomInterpolator",
    "name": "rPASS",
    "keyframes": [
        {
            "duration": 1,
            "pause": 0.0,
            "goals": {
                "LShoulderPitch": 32.6953125,
                "LShoulderRoll": 21.005859375,
                "RShoulderRoll": -18.544921875,
                "HeadTilt": -5.0,
                "LKnee": -55.72265625,
                "RHipYaw": 0.17578125,
                "LAnklePitch": -27.59765625,
                "RKnee": 56.162109375,
                "RAnkleRoll": 21.26953125,
                "RAnklePitch": 28.037109375,
                "LHipPitch": 45.615234375,
                "LHipYaw": 0.17578125,
                "LHipRoll": -0.439453125,
                "RHipRoll": 0.791015625,
                "LAnkleRoll": 8.349609375,
                "LElbow": -29.35546875,
                "RElbow": 0.17578125,
                "RHipPitch": -45.17578125,
                "HeadPan": 0.17578125,
                "RShoulderPitch": -71.015625
            }
        },
        {
            "duration": 1,
            "pause": 0.0,
            "goals": {
                "LShoulderPitch": 32.6953125,
                "LShoulderRoll": 21.005859375,
                "RShoulderRoll": -12.65625,
                "HeadTilt": -5.0,
                "LKnee": -55.72265625,
                "RHipYaw": 29.443359375,
                "LAnklePitch": -27.59765625,
                "RKnee": 85.4296875,
                "RAnkleRoll": 15.380859375,
                "RAnklePitch": 42.626953125,
                "LHipPitch": 51.416015625,
                "LHipYaw": 0.17578125,
                "LHipRoll": -3.33984375,
                "RHipRoll": 6.591796875,
                "LAnkleRoll": 8.349609375,
                "LElbow": -29.35546875,
                "RElbow": 0.17578125,
                "RHipPitch": -53.96484375,
                "HeadPan": 0.17578125,
                "RShoulderPitch": -79.716796875
            }
        },
        {
            "duration": 1,
            "pause": 0.0,
            "goals": {
                "LShoulderPitch": 15.1171875,
                "LShoulderRoll": 21.005859375,
                "RShoulderRoll": -21.4453125,
                "HeadTilt": -5.0,
                "LKnee": -55.72265625,
                "RHipYaw": 35.33203125,
                "LAnklePitch": -26.19140625,
                "RKnee": 29.794921875,
                "RAnkleRoll": 9.580078125,
                "RAnklePitch": -18.80859375,
                "LHipPitch": 42.626953125,
                "LHipYaw": 0.17578125,
                "LHipRoll": -3.33984375,
                "RHipRoll": -2.197265625,
                "LAnkleRoll": 8.349609375,
                "LElbow": -49.921875,
                "RElbow": 0.17578125,
                "RHipPitch": -62.75390625,
                "HeadPan": 0.17578125,
                "RShoulderPitch": -76.81640625
            }
        },
        {
            "duration": 1,
            "pause": 0.096,
            "goals": {
                "LShoulderPitch": 15.1171875,
                "LShoulderRoll": 21.005859375,
                "RShoulderRoll": -21.4453125,
                "HeadTilt": -5.0,
                "LKnee": -55.72265625,
                "RHipYaw": 26.54296875,
                "LAnklePitch": -26.19140625,
                "RKnee": 29.794921875,
                "RAnkleRoll": 9.580078125,
                "RAnklePitch": -18.80859375,
                "LHipPitch": 42.626953125,
                "LHipYaw": 0.17578125,
                "LHipRoll": -3.33984375,
                "RHipRoll": -37.265625,
                "LAnkleRoll": 8.349609375,
                "LElbow": -49.921875,
                "RElbow": 0.17578125,
                "RHipPitch": -62.75390625,
                "HeadPan": 0.17578125,
                "RShoulderPitch": -91.494140625
            }
        },
        {
            "duration": 1,
            "pause": 0.0,
            "goals": {
                "LShoulderPitch": 15.1171875,
                "LShoulderRoll": 21.005859375,
                "RShoulderRoll": -21.4453125,
                "HeadTilt": -5.0,
                "LKnee": -55.72265625,
                "RHipYaw": 35.33203125,
                "LAnklePitch": -26.19140625,
                "RKnee": 29.794921875,
                "RAnkleRoll": 9.580078125,
                "RAnklePitch": -18.80859375,
                "LHipPitch": 42.626953125,
                "LHipYaw": 0.17578125,
                "LHipRoll": -3.33984375,
                "RHipRoll": -2.197265625,
                "LAnkleRoll": 8.349609375,
                "LElbow": -49.921875,
                "RElbow": 0.17578125,
                "RHipPitch": -62.75390625,
                "HeadPan": 0.17578125,
                "RShoulderPitch": -76.81640625
            }
        },
        {
            "duration": 1,
            "pause": 0.0,
            "goals": {
                "LShoulderPitch": 41.484375,
                "LShoulderRoll": 21.005859375,
                "RShoulderRoll": -18.544921875,
                "HeadTilt": -5.0,
                "LKnee": -55.72265625,
                "RHipYaw": 0.17578125,
                "LAnklePitch": -27.59765625,
                "RKnee": 85.4296875,
                "RAnkleRoll": 9.580078125,
                "RAnklePitch": 42.626953125,
                "LHipPitch": 45.615234375,
                "LHipYaw": 0.17578125,
                "LHipRoll": -3.33984375,
                "RHipRoll": 3.69140625,
                "LAnkleRoll": 6.943359375,
                "LElbow": -29.35546875,
                "RElbow": 29.443359375,
                "RHipPitch": -59.853515625,
                "HeadPan": 0.17578125,
                "RShoulderPitch": -47.548828125
            }
        },
        {
            "duration": 1,
            "pause": 0.0,
            "goals": {
                "LShoulderPitch": 41.484375,
                "LShoulderRoll": 21.005859375,
                "RShoulderRoll": -18.544921875,
                "HeadTilt": -5.0,
                "LKnee": -55.72265625,
                "RHipYaw": 0.17578125,
                "LAnklePitch": -27.59765625,
                "RKnee": 56.162109375,
                "RAnkleRoll": 0.791015625,
                "RAnklePitch": 28.037109375,
                "LHipPitch": 45.615234375,
                "LHipYaw": 0.17578125,
                "LHipRoll": -0.439453125,
                "RHipRoll": 0.791015625,
                "LAnkleRoll": -0.439453125,
                "LElbow": -29.35546875,
                "RElbow": 29.443359375,
                "RHipPitch": -45.17578125,
                "HeadPan": 0.17578125,
                "RShoulderPitch": -48.1640625
            }
        }
    ]
}
