{
    "name": "r_kick1",
    "discription": "Versucht zu Kicken, klappt aber nicht wirklich",
    "hands": "Ignore",

    "keyframes": [
        {
            "duration": 1,
            "goals": {
                "HeadPan": 0.087890625,
                "HeadTilt": -35.0,
                "LAnklePitch": -29.8828125,
                "LAnkleRoll": -0.263671875,
                "LElbow": -28.30078125,
                "LHipPitch": 36.474609375,
                "LHipRoll": -1.142578125,
                "LHipYaw": -0.615234375,
                "LKnee": -54.755859375,
                "LShoulderPitch": 39.375,
                "LShoulderRoll": 17.75390625,
                "RAnklePitch": 30.146484375,
                "RAnkleRoll": 0.52734375,
                "RElbow": 28.125,
                "RHipPitch": -36.38671875,
                "RHipRoll": 0.791015625,
                "RHipYaw": -0.703125,
                "RKnee": 55.283203125,
                "RShoulderPitch": -46.93359375,
                "RShoulderRoll": -16.69921875
            },
            "pause": 0.0
        },
        {
            "duration": 1,
            "goals": {
                "HeadPan": -0.3515625,
                "HeadTilt": -35.0,
                "LAnklePitch": -34.716796875,
                "LAnkleRoll": 5.185546875,
                "LElbow": -28.30078125,
                "LHipPitch": 37.880859375,
                "LHipRoll": -7.470703125,
                "LHipYaw": 1.7578125,
                "LKnee": -59.4140625,
                "LShoulderPitch": 39.375,
                "LShoulderRoll": 17.138671875,
                "RAnklePitch": 10.546875,
                "RAnkleRoll": 13.447265625,
                "RElbow": 28.212890625,
                "RHipPitch": -34.8046875,
                "RHipRoll": -1.58203125,
                "RHipYaw": -0.439453125,
                "RKnee": 31.11328125,
                "RShoulderPitch": -46.318359375,
                "RShoulderRoll": -17.666015625
            },
            "pause": 0.0
        },
        {
            "duration": 0.2,
            "goals": {
                "HeadPan": -0.263671875,
                "HeadTilt": -35.0,
                "LAnklePitch": -40.166015625,
                "LAnkleRoll": 10.1953125,
                "LElbow": 1.23046875,
                "LHipPitch": 57.48046875,
                "LHipRoll": -8.0859375,
                "LHipYaw": 1.142578125,
                "LKnee": -72.333984375,
                "LShoulderPitch": 16.259765625,
                "LShoulderRoll": -33.3984375,
                "RAnklePitch": 37.6171875,
                "RAnkleRoll": 17.2265625,
                "RElbow": 28.125,
                "RHipPitch": 18.193359375,
                "RHipRoll": -4.921875,
                "RHipYaw": -6.064453125,
                "RKnee": 37.177734375,
                "RShoulderPitch": -43.330078125,
                "RShoulderRoll": -17.666015625
            },
            "pause": 0.0
        },
        {
            "duration": 1,
            "goals": {
                "HeadPan": -0.439453125,
                "HeadTilt": -40.0,
                "LAnklePitch": -40.517578125,
                "LAnkleRoll": 10.107421875,
                "LElbow": 0.439453125,
                "LHipPitch": 56.513671875,
                "LHipRoll": -3.076171875,
                "LHipYaw": 2.197265625,
                "LKnee": -80.15625,
                "LShoulderPitch": 16.69921875,
                "LShoulderRoll": -31.376953125,
                "RAnklePitch": 76.728515625,
                "RAnkleRoll": 0.087890625,
                "RElbow": 27.24609375,
                "RHipPitch": -88.2421875,
                "RHipRoll": -4.482421875,
                "RHipYaw": -1.845703125,
                "RKnee": 105.029296875,
                "RShoulderPitch": -41.30859375,
                "RShoulderRoll": -17.666015625
            },
            "pause": 0.0
        },
        {
            "duration": 1,
            "goals": {
                "HeadPan": 0.3515625,
                "HeadTilt": -40.0,
                "LAnklePitch": -44.384765625,
                "LAnkleRoll": 12.48046875,
                "LElbow": 0.3515625,
                "LHipPitch": 58.623046875,
                "LHipRoll": 0.703125,
                "LHipYaw": 2.900390625,
                "LKnee": -89.6484375,
                "LShoulderPitch": 17.138671875,
                "LShoulderRoll": -29.35546875,
                "RAnklePitch": 25.224609375,
                "RAnkleRoll": 10.37109375,
                "RElbow": 27.24609375,
                "RHipPitch": -85.078125,
                "RHipRoll": -3.33984375,
                "RHipYaw": 0.087890625,
                "RKnee": 104.0625,
                "RShoulderPitch": -39.375,
                "RShoulderRoll": -17.666015625
            },
            "pause": 0.0
        },
        {
            "duration": 1,
            "goals": {
                "HeadPan": 0.263671875,
                "HeadTilt": -40.0,
                "LAnklePitch": -44.033203125,
                "LAnkleRoll": 13.0078125,
                "LElbow": 0.439453125,
                "LHipPitch": 59.58984375,
                "LHipRoll": 2.197265625,
                "LHipYaw": 2.109375,
                "LKnee": -94.5703125,
                "LShoulderPitch": 17.2265625,
                "LShoulderRoll": -28.30078125,
                "RAnklePitch": 43.681640625,
                "RAnkleRoll": 10.8984375,
                "RElbow": 27.158203125,
                "RHipPitch": -50.185546875,
                "RHipRoll": -0.87890625,
                "RHipYaw": 0.263671875,
                "RKnee": 85.4296875,
                "RShoulderPitch": -38.408203125,
                "RShoulderRoll": -17.75390625
            },
            "pause": 0.0
        },
        {
            "duration": 1,
            "goals": {
                "HeadPan": 0.263671875,
                "HeadTilt": -35.0,
                "LAnklePitch": -31.201171875,
                "LAnkleRoll": 1.23046875,
                "LElbow": -28.30078125,
                "LHipPitch": 36.73828125,
                "LHipRoll": 0.791015625,
                "LHipYaw": 0.17578125,
                "LKnee": -56.513671875,
                "LShoulderPitch": 38.14453125,
                "LShoulderRoll": 16.34765625,
                "RAnklePitch": 32.080078125,
                "RAnkleRoll": 0.3515625,
                "RElbow": 28.125,
                "RHipPitch": -35.419921875,
                "RHipRoll": -0.703125,
                "RHipYaw": -0.703125,
                "RKnee": 56.6015625,
                "RShoulderPitch": -46.7578125,
                "RShoulderRoll": -17.75390625
            },
            "pause": 0.0
        }
    ]
}
