{
 "name": "r_kick",
    "discription": "Versucht zu schießen, klappt aber nicht",
    "hands": "Ignore",
    "keyframes": [
        {
            "duration": 1,
            "goals": {
                "HeadPan": 0.087890625,
                "HeadTilt": -35.0,
                "LAnklePitch": -29.8828125,
                "LAnkleRoll": -0.263671875,
                "LElbow": -28.30078125,
                "LHipPitch": 36.474609375,
                "LHipRoll": -1.142578125,
                "LHipYaw": -0.615234375,
                "LKnee": -54.755859375,
                "LShoulderPitch": 39.375,
                "LShoulderRoll": 17.75390625,
                "RAnklePitch": 30.146484375,
                "RAnkleRoll": 0.52734375,
                "RElbow": 28.125,
                "RHipPitch": -36.38671875,
                "RHipRoll": 0.791015625,
                "RHipYaw": -0.703125,
                "RKnee": 55.283203125,
                "RShoulderPitch": -46.93359375,
                "RShoulderRoll": -16.69921875
            },
            "pause": 0.0
        },
        {
            "duration": 1,
            "goals": {
                "HeadPan": -0.3515625,
                "HeadTilt": -35.0,
                "LAnklePitch": -34.716796875,
                "LAnkleRoll": 5.185546875,
                "LElbow": -28.30078125,
                "LHipPitch": 37.880859375,
                "LHipRoll": -7.470703125,
                "LHipYaw": 1.7578125,
                "LKnee": -59.4140625,
                "LShoulderPitch": 39.375,
                "LShoulderRoll": 17.138671875,
                "RAnklePitch": 10.546875,
                "RAnkleRoll": 13.447265625,
                "RElbow": 28.212890625,
                "RHipPitch": -34.8046875,
                "RHipRoll": -1.58203125,
                "RHipYaw": -0.439453125,
                "RKnee": 31.11328125,
                "RShoulderPitch": -46.318359375,
                "RShoulderRoll": -17.666015625
            },
            "pause": 0.0
        },
        {
            "duration": 0.2,
            "goals": {
                "HeadPan": -0.263671875,
                "HeadTilt": -35.0,
                "LAnklePitch": -40.166015625,
                "LAnkleRoll": 10.1953125,
                "LElbow": 1.23046875,
                "LHipPitch": 57.48046875,
                "LHipRoll": -8.0859375,
                "LHipYaw": 1.142578125,
                "LKnee": -72.333984375,
                "LShoulderPitch": 16.259765625,
                "LShoulderRoll": -33.3984375,
                "RAnklePitch": 37.6171875,
                "RAnkleRoll": 17.2265625,
                "RElbow": 28.125,
                "RHipPitch": 18.193359375,
                "RHipRoll": -4.921875,
                "RHipYaw": -6.064453125,
                "RKnee": 37.177734375,
                "RShoulderPitch": -43.330078125,
                "RShoulderRoll": -17.666015625
            },
            "pause": 0.0
        }
    ],
    "name": "/tmp/backup.json"
}
