{"name": "/tmp/backup.json", "keyframes": [{"duration": 1, "pause": 0.0, "goals": {"LShoulderPitch": 39.990234375, "LShoulderRoll": 17.666015625, "RShoulderRoll": -17.666015625, "HeadTilt": -35.0, "LKnee": -54.84375, "RHipYaw": 0.52734375, "LAnklePitch": -30.41015625, "RKnee": 54.84375, "RAnkleRoll": -0.703125, "RAnklePitch": 29.970703125, "LHipPitch": 35.068359375, "LHipYaw": 0.17578125, "LHipRoll": 0.087890625, "RHipRoll": 0.3515625, "LAnkleRoll": -0.3515625, "LElbow": -28.388671875, "RElbow": 28.212890625, "RHipPitch": -36.9140625, "HeadPan": -0.263671875, "RShoulderPitch": -47.109375}}, {"duration": 1, "pause": 0.0, "goals": {"LShoulderPitch": 7.3828125, "LShoulderRoll": 13.53515625, "RShoulderRoll": -12.83203125, "HeadTilt": -35.0, "LKnee": -56.6015625, "RHipYaw": -0.52734375, "LAnklePitch": -31.81640625, "RKnee": 56.77734375, "RAnkleRoll": -0.791015625, "RAnklePitch": 30.234375, "LHipPitch": 32.783203125, "LHipYaw": -0.52734375, "LHipRoll": 0.0, "RHipRoll": 0.439453125, "LAnkleRoll": -0.615234375, "LElbow": 91.318359375, "RElbow": -93.427734375, "RHipPitch": -35.771484375, "HeadPan": -0.263671875, "RShoulderPitch": -17.490234375}}, {"duration": 1, "pause": 0.0, "goals": {"LShoulderPitch": 176.220703125, "LShoulderRoll": 42.275390625, "RShoulderRoll": -44.47265625, "HeadTilt": -35.0, "LKnee": -59.326171875, "RHipYaw": 0.17578125, "LAnklePitch": -30.5859375, "RKnee": 59.0625, "RAnkleRoll": -0.615234375, "RAnklePitch": 29.35546875, "LHipPitch": 33.75, "LHipYaw": -0.087890625, "LHipRoll": -0.615234375, "RHipRoll": 0.439453125, "LAnkleRoll": -0.52734375, "LElbow": 88.9453125, "RElbow": -94.5703125, "RHipPitch": -36.03515625, "HeadPan": -0.17578125, "RShoulderPitch": 171.298828125}}, {"duration": 1, "pause": 0.0, "goals": {"LShoulderPitch": 174.375, "LShoulderRoll": 38.232421875, "RShoulderRoll": -44.912109375, "HeadTilt": -35.0, "LKnee": -6.50390625, "RHipYaw": -0.087890625, "LAnklePitch": -20.390625, "RKnee": 59.326171875, "RAnkleRoll": -1.494140625, "RAnklePitch": 28.388671875, "LHipPitch": 88.505859375, "LHipYaw": 1.845703125, "LHipRoll": 12.568359375, "RHipRoll": -3.251953125, "LAnkleRoll": -3.779296875, "LElbow": 88.41796875, "RElbow": -94.482421875, "RHipPitch": -31.46484375, "HeadPan": 0.439453125, "RShoulderPitch": 170.244140625}}]}
