{"name": "/tmp/backup.json", "keyframes": [{"duration": 1, "pause": 0.0, "goals": {"LShoulderPitch": 40.25390625, "LShoulderRoll": 17.40234375, "RShoulderRoll": -17.666015625, "HeadTilt": -35.0, "LKnee": -54.84375, "RHipYaw": -0.17578125, "LAnklePitch": -28.212890625, "RKnee": 55.107421875, "RAnkleRoll": -0.87890625, "RAnklePitch": 30.05859375, "LHipPitch": 35.244140625, "LHipYaw": -0.263671875, "LHipRoll": -0.439453125, "RHipRoll": 0.52734375, "LAnkleRoll": -0.52734375, "LElbow": -29.091796875, "RElbow": 28.388671875, "RHipPitch": -35.419921875, "HeadPan": 0.17578125, "RShoulderPitch": -47.28515625}}, {"duration": 1, "pause": 0.0, "goals": {"LShoulderPitch": -170.419921875, "LShoulderRoll": 22.1484375, "RShoulderRoll": -41.30859375, "HeadTilt": -35.0, "LKnee": -59.94140625, "RHipYaw": 0.703125, "LAnklePitch": -31.904296875, "RKnee": 58.7109375, "RAnkleRoll": 0.17578125, "RAnklePitch": 32.51953125, "LHipPitch": 34.541015625, "LHipYaw": -0.52734375, "LHipRoll": -1.142578125, "RHipRoll": 1.0546875, "LAnkleRoll": -0.439453125, "LElbow": 91.494140625, "RElbow": -78.837890625, "RHipPitch": -35.859375, "HeadPan": 0.0, "RShoulderPitch": -161.3671875}}, {"duration": 1, "pause": 0.0, "goals": {"LShoulderPitch": -168.57421875, "LShoulderRoll": 20.126953125, "RShoulderRoll": -41.220703125, "HeadTilt": -35.0, "LKnee": -95.9765625, "RHipYaw": -0.703125, "LAnklePitch": -11.77734375, "RKnee": 62.314453125, "RAnkleRoll": -0.3515625, "RAnklePitch": 36.826171875, "LHipPitch": 78.92578125, "LHipYaw": 0.087890625, "LHipRoll": 0.439453125, "RHipRoll": -2.4609375, "LAnkleRoll": 7.91015625, "LElbow": 91.494140625, "RElbow": -78.486328125, "RHipPitch": -37.177734375, "HeadPan": 0.0, "RShoulderPitch": -159.521484375}}, {"duration": 1, "pause": 0.0, "goals": {"LShoulderPitch": -166.552734375, "LShoulderRoll": 18.28125, "RShoulderRoll": -41.044921875, "HeadTilt": -35.0, "LKnee": -44.033203125, "RHipYaw": -0.263671875, "LAnklePitch": 30.5859375, "RKnee": 67.1484375, "RAnkleRoll": 0.087890625, "RAnklePitch": 39.638671875, "LHipPitch": 98.0859375, "LHipYaw": 13.0078125, "LHipRoll": -7.119140625, "RHipRoll": -3.33984375, "LAnkleRoll": 6.943359375, "LElbow": 91.494140625, "RElbow": -78.3984375, "RHipPitch": -38.056640625, "HeadPan": 0.0, "RShoulderPitch": -157.412109375}}]}
