{"name": "/tmp/backup.json", "keyframes": [{"duration": 1, "pause": 0.0, "goals": {"LShoulderPitch": 39.90234375, "LShoulderRoll": 17.666015625, "RShoulderRoll": -17.9296875, "LKnee": -55.634765625, "RHipYaw": 0.703125, "LAnklePitch": -31.201171875, "RKnee": 54.66796875, "HeadTilt": -35.0, "RAnklePitch": 31.201171875, "LHipPitch": 36.474609375, "LHipYaw": -0.087890625, "LHipRoll": 0.0, "RAnkleRoll": -0.52734375, "LAnkleRoll": 0.615234375, "LElbow": -28.30078125, "RHipRoll": 0.615234375, "RHipPitch": -37.265625, "HeadPan": 0.0, "RElbow": 28.212890625, "RShoulderPitch": -46.845703125}}, {"duration": 1, "pause": 0.0, "goals": {"LShoulderPitch": -2.197265625, "LShoulderRoll": 0.966796875, "RShoulderRoll": -1.23046875, "LKnee": -56.77734375, "RHipYaw": -0.087890625, "LAnklePitch": -28.30078125, "RKnee": 53.525390625, "HeadTilt": -35.0, "RAnklePitch": 29.00390625, "LHipPitch": 37.79296875, "LHipYaw": 0.263671875, "LHipRoll": 0.263671875, "RAnkleRoll": 0.17578125, "LAnkleRoll": 1.7578125, "LElbow": 85.341796875, "RHipRoll": 0.0, "RHipPitch": -35.33203125, "HeadPan": 0.087890625, "RElbow": -87.626953125, "RShoulderPitch": -5.44921875}}, {"duration": 1, "pause": 0.0, "goals": {"LShoulderPitch": -157.412109375, "LShoulderRoll": 20.126953125, "RShoulderRoll": -37.265625, "LKnee": -61.083984375, "RHipYaw": 0.966796875, "LAnklePitch": -25.83984375, "RKnee": 56.513671875, "HeadTilt": -40.0, "RAnklePitch": 30.498046875, "LHipPitch": 50.009765625, "LHipYaw": 2.373046875, "LHipRoll": -3.33984375, "RAnkleRoll": 0.52734375, "LAnkleRoll": 0.52734375, "LElbow": 79.453125, "RHipRoll": -0.87890625, "RHipPitch": -41.220703125, "HeadPan": -0.263671875, "RElbow": -93.515625, "RShoulderPitch": -151.34765625}}, {"duration": 1, "pause": 0.0, "goals": {"LShoulderPitch": -154.423828125, "LShoulderRoll": 17.2265625, "RShoulderRoll": -36.474609375, "HeadTilt": -40.0, "LKnee": -87.890625, "RHipYaw": -0.615234375, "LAnklePitch": -56.513671875, "RKnee": 62.578125, "RAnkleRoll": -0.3515625, "RAnklePitch": 25.048828125, "LHipPitch": 27.861328125, "LHipYaw": 2.28515625, "LHipRoll": 1.494140625, "RHipRoll": -3.69140625, "LAnkleRoll": 5.2734375, "LElbow": 79.541015625, "RElbow": -92.4609375, "RHipPitch": -41.044921875, "HeadPan": 0.17578125, "RShoulderPitch": -148.271484375}}]}
