{"name": "/tmp/backup.json", "keyframes": [{"duration": 1, "pause": 0.0, "goals": {"LShoulderPitch": 39.90234375, "LShoulderRoll": 17.841796875, "RShoulderRoll": -17.9296875, "HeadTilt": -35.0, "LKnee": -53.876953125, "RHipYaw": -0.087890625, "LAnklePitch": -29.1796875, "RKnee": 53.349609375, "RAnkleRoll": -0.791015625, "RAnklePitch": 29.70703125, "LHipPitch": 36.650390625, "LHipYaw": -0.087890625, "LHipRoll": -0.439453125, "RHipRoll": -0.263671875, "LAnkleRoll": 0.17578125, "LElbow": -28.388671875, "RElbow": 28.125, "RHipPitch": -37.001953125, "HeadPan": 0.17578125, "RShoulderPitch": -47.021484375}}, {"duration": 1, "pause": 0.0, "goals": {"LShoulderPitch": -160.224609375, "LShoulderRoll": 51.416015625, "RShoulderRoll": -47.4609375, "HeadTilt": -35.0, "LKnee": -57.392578125, "RHipYaw": -0.3515625, "LAnklePitch": -28.125, "RKnee": 57.216796875, "RAnkleRoll": -0.703125, "RAnklePitch": 30.146484375, "LHipPitch": 41.244140625, "LHipYaw": 0.0, "LHipRoll": -1.669921875, "RHipRoll": 0.703125, "LAnkleRoll": -0.703125, "LElbow": 85.78125, "RElbow": -93.33984375, "RHipPitch": -40.453125, "HeadPan": 0.0, "RShoulderPitch": -129.0234375}}, {"duration": 1, "pause": 0.0, "goals": {"LShoulderPitch": -155.302734375, "LShoulderRoll": 50.361328125, "RShoulderRoll": -46.0546875, "HeadTilt": -34.0, "LKnee": -78.046875, "RHipYaw": -1.142578125, "LAnklePitch": -44.736328125, "RKnee": 65.126953125, "RAnkleRoll": -2.98828125, "RAnklePitch": 33.310546875, "LHipPitch": 42.3515625, "LHipYaw": 4.21875, "LHipRoll": 0.791015625, "RHipRoll": -2.373046875, "LAnkleRoll": 7.470703125, "LElbow": 84.638671875, "RElbow": -92.4609375, "RHipPitch": -38.8359375, "HeadPan": 0.0, "RShoulderPitch": -123.22265625}}, {"duration": 1, "pause": 0.0, "goals": {"LShoulderPitch": -153.369140625, "LShoulderRoll": 50.2734375, "RShoulderRoll": -45.439453125, "HeadTilt": -35.0, "LKnee": -79.8046875, "RHipYaw": -2.8125, "LAnklePitch": -80.244140625, "RKnee": 69.9609375, "RAnkleRoll": -4.5703125, "RAnklePitch": 36.03515625, "LHipPitch": 6.240234375, "LHipYaw": -0.87890625, "LHipRoll": -1.845703125, "RHipRoll": -5.09765625, "LAnkleRoll": 5.44921875, "LElbow": 84.638671875, "RElbow": -91.40625, "RHipPitch": -43.2421875, "HeadPan": -0.17578125, "RShoulderPitch": -120.234375}}]}
