{
    "default_interpolator": "CatmullRomInterpolator",
    "name": "lPASS",
"discription": "Passt mit Links",
    "keyframes": [
        {
            "duration": 0.2,
            "pause": 0.0,
            "goals": {
                "LShoulderPitch": 70.48828125,
                "LShoulderRoll": 18.017578125,
                "RShoulderRoll": -21.4453125,
                "HeadTilt": -5.0,
                "LKnee": -56.6015625,
                "RHipYaw": -0.703125,
                "LAnklePitch": -28.4765625,
                "RKnee": 55.283203125,
                "RAnkleRoll": -8.876953125,
                "RAnklePitch": 27.158203125,
                "LHipPitch": 44.736328125,
                "LHipYaw": -0.703125,
                "LHipRoll": -1.318359375,
                "RHipRoll": -0.087890625,
                "LAnkleRoll": -21.796875,
                "LElbow": -0.703125,
                "RElbow": 28.916015625,
                "RHipPitch": -46.0546875,
                "HeadPan": 0.17578125,
                "RShoulderPitch": -33.22265625
            }
        },
        {
            "duration": 0.07200000000000001,
            "pause": 0.0,
            "goals": {
                "LShoulderPitch": 79.27734375,
                "LShoulderRoll": 12.216796875,
                "RShoulderRoll": -21.4453125,
                "HeadTilt": -5.0,
                "LKnee": -85.869140625,
                "RHipYaw": -0.703125,
                "LAnklePitch": -43.154296875,
                "RKnee": 55.283203125,
                "RAnkleRoll": -8.876953125,
                "RAnklePitch": 27.158203125,
                "LHipPitch": 53.525390625,
                "LHipYaw": -29.970703125,
                "LHipRoll": -7.119140625,
                "RHipRoll": 2.8125,
                "LAnkleRoll": -15.908203125,
                "LElbow": -0.703125,
                "RElbow": 28.916015625,
                "RHipPitch": -51.943359375,
                "HeadPan": 0.17578125,
                "RShoulderPitch": -33.22265625
            }
        },
        {
            "duration": 0.07200000000000001,
            "pause": 0.0,
            "goals": {
                "LShoulderPitch": 76.2890625,
                "LShoulderRoll": 21.005859375,
                "RShoulderRoll": -21.4453125,
                "HeadTilt": -5.0,
                "LKnee": -30.234375,
                "RHipYaw": -0.703125,
                "LAnklePitch": 18.369140625,
                "RKnee": 55.283203125,
                "RAnkleRoll": -8.876953125,
                "RAnklePitch": 25.6640625,
                "LHipPitch": 62.314453125,
                "LHipYaw": -35.859375,
                "LHipRoll": 1.669921875,
                "RHipRoll": 2.8125,
                "LAnkleRoll": -10.01953125,
                "LElbow": -0.703125,
                "RElbow": 49.39453125,
                "RHipPitch": -43.154296875,
                "HeadPan": 0.17578125,
                "RShoulderPitch": -15.64453125
            }
        },
        {
            "duration": 0.07200000000000001,
            "pause": 0.096,
            "goals": {
                "LShoulderPitch": 90.966796875,
                "LShoulderRoll": 21.005859375,
                "RShoulderRoll": -21.4453125,
                "HeadTilt": -5.0,
                "LKnee": -30.234375,
                "RHipYaw": -0.703125,
                "LAnklePitch": 18.369140625,
                "RKnee": 55.283203125,
                "RAnkleRoll": -8.876953125,
                "RAnklePitch": 25.6640625,
                "LHipPitch": 62.314453125,
                "LHipYaw": -27.0703125,
                "LHipRoll": 36.826171875,
                "RHipRoll": 2.8125,
                "LAnkleRoll": -10.01953125,
                "LElbow": -0.703125,
                "RElbow": 49.39453125,
                "RHipPitch": -43.154296875,
                "HeadPan": 0.17578125,
                "RShoulderPitch": -15.64453125
            }
        },
        {
            "duration": 0.07200000000000001,
            "pause": 0.0,
            "goals": {
                "LShoulderPitch": 76.2890625,
                "LShoulderRoll": 21.005859375,
                "RShoulderRoll": -21.4453125,
                "HeadTilt": -5.0,
                "LKnee": -30.234375,
                "RHipYaw": -0.703125,
                "LAnklePitch": 18.369140625,
                "RKnee": 55.283203125,
                "RAnkleRoll": -8.876953125,
                "RAnklePitch": 25.6640625,
                "LHipPitch": 62.314453125,
                "LHipYaw": -35.859375,
                "LHipRoll": 1.669921875,
                "RHipRoll": 2.8125,
                "LAnkleRoll": -10.01953125,
                "LElbow": -0.703125,
                "RElbow": 49.39453125,
                "RHipPitch": -43.154296875,
                "HeadPan": 0.17578125,
                "RShoulderPitch": -15.64453125
            }
        },
        {
            "duration": 0.2,
            "pause": 0.0,
            "goals": {
                "LShoulderPitch": 47.021484375,
                "LShoulderRoll": 18.017578125,
                "RShoulderRoll": -21.4453125,
                "HeadTilt": -5.0,
                "LKnee": -85.869140625,
                "RHipYaw": -0.703125,
                "LAnklePitch": -43.154296875,
                "RKnee": 55.283203125,
                "RAnkleRoll": -7.3828125,
                "RAnklePitch": 27.158203125,
                "LHipPitch": 59.326171875,
                "LHipYaw": -0.703125,
                "LHipRoll": -4.21875,
                "RHipRoll": 2.8125,
                "LAnkleRoll": -10.01953125,
                "LElbow": -29.970703125,
                "RElbow": 28.916015625,
                "RHipPitch": -46.0546875,
                "HeadPan": 0.17578125,
                "RShoulderPitch": -42.01171875
            }
        },
        {
            "duration": 0.07200000000000001,
            "pause": 0.0,
            "goals": {
                "LShoulderPitch": 41.484375,
                "LShoulderRoll": 21.005859375,
                "RShoulderRoll": -18.544921875,
                "HeadTilt": -5.0,
                "LKnee": -55.72265625,
                "RHipYaw": 0.17578125,
                "LAnklePitch": -27.59765625,
                "RKnee": 56.162109375,
                "RAnkleRoll": 0.791015625,
                "RAnklePitch": 28.037109375,
                "LHipPitch": 45.615234375,
                "LHipYaw": 0.17578125,
                "LHipRoll": -0.439453125,
                "RHipRoll": 0.791015625,
                "LAnkleRoll": -0.439453125,
                "LElbow": -29.35546875,
                "RElbow": 29.443359375,
                "RHipPitch": -45.17578125,
                "HeadPan": 0.17578125,
                "RShoulderPitch": -48.1640625
            }
        }
    ]
}
