{
    "default_interpolator": "CatmullRomInterpolator",
    "name": "rPASS",
    "discription": "Schießt mit dem Rechten Fuss",
    "hands": "ignore",
    "keyframes": [
         {
            "duration": 1,
            "goals": {
                "LAnklePitch": -12.0,
                "LAnkleRoll": 0.6,
                "LElbow": 75.0,
                "LHipPitch": 50.0,
                "LHipRoll": 0.6,
                "LHipYaw": -0.277,
                "LKnee": -38.0,
                "LShoulderPitch": 0.0,
                "LShoulderRoll": 30.0,
                "RAnklePitch": 12.0,
                "RAnkleRoll": -0.6,
                "RElbow": -75.0,
                "RHipPitch": -50.0,
                "RHipRoll": 0.6,
                "RHipYaw": 0.277,
                "RKnee": 38.0,
                "RShoulderPitch": 0.0,
                "RShoulderRoll": -30.0
            },
            "pause": 1.0
        },
        {
            "duration": 0.2,
            "pause": 0.0,
            "goals": {
                "LKnee": -55.72265625,
                "RHipYaw": 0.17578125,
                "LAnklePitch": -27.59765625,
                "RKnee": 56.162109375,
                "RAnkleRoll": 21.26953125,
                "RAnklePitch": 28.037109375,
                "LHipPitch": 45.615234375,
                "LHipYaw": 0.17578125,
                "LHipRoll": -0.439453125,
                "RHipRoll": 0.791015625,
                "LAnkleRoll": 8.349609375,
                "RHipPitch": -45.17578125
            }
        },
        {
            "duration": 0.07200000000000001,
            "pause": 0.0,
            "goals": {
                "LKnee": -55.72265625,
                "RHipYaw": 29.443359375,
                "LAnklePitch": -27.59765625,
                "RKnee": 85.4296875,
                "RAnkleRoll": 15.380859375,
                "RAnklePitch": 42.626953125,
                "LHipPitch": 51.416015625,
                "LHipYaw": 0.17578125,
                "LHipRoll": -3.33984375,
                "RHipRoll": 6.591796875,
                "LAnkleRoll": 8.349609375,
                "RHipPitch": -53.96484375
            }
        },
        {
            "duration": 0.07200000000000001,
            "pause": 0.0,
            "goals": {
                "LKnee": -55.72265625,
                "RHipYaw": 35.33203125,
                "LAnklePitch": -26.19140625,
                "RKnee": 29.794921875,
                "RAnkleRoll": 9.580078125,
                "RAnklePitch": -18.80859375,
                "LHipPitch": 42.626953125,
                "LHipYaw": 0.17578125,
                "LHipRoll": -3.33984375,
                "RHipRoll": -2.197265625,
                "LAnkleRoll": 8.349609375,
                "RHipPitch": -62.75390625
            }
        },
        {
            "duration": 0.07200000000000001,
            "pause": 0.096,
            "goals": {
                "LKnee": -55.72265625,
                "RHipYaw": 26.54296875,
                "LAnklePitch": -26.19140625,
                "RKnee": 29.794921875,
                "RAnkleRoll": 9.580078125,
                "RAnklePitch": -18.80859375,
                "LHipPitch": 42.626953125,
                "LHipYaw": 0.17578125,
                "LHipRoll": -3.33984375,
                "RHipRoll": -37.265625,
                "LAnkleRoll": 8.349609375,
                "RHipPitch": -62.75390625
            }
        },
        {
            "duration": 0.07200000000000001,
            "pause": 0.0,
            "goals": {
                "LKnee": -55.72265625,
                "RHipYaw": 35.33203125,
                "LAnklePitch": -26.19140625,
                "RKnee": 29.794921875,
                "RAnkleRoll": 9.580078125,
                "RAnklePitch": -18.80859375,
                "LHipPitch": 42.626953125,
                "LHipYaw": 0.17578125,
                "LHipRoll": -3.33984375,
                "RHipRoll": -2.197265625,
                "LAnkleRoll": 8.349609375,
                "RHipPitch": -62.75390625
            }
        },
        {
            "duration": 0.2,
            "pause": 0.0,
            "goals": {
                "LKnee": -55.72265625,
                "RHipYaw": 0.17578125,
                "LAnklePitch": -27.59765625,
                "RKnee": 85.4296875,
                "RAnkleRoll": 9.580078125,
                "RAnklePitch": 42.626953125,
                "LHipPitch": 45.615234375,
                "LHipYaw": 0.17578125,
                "LHipRoll": -3.33984375,
                "RHipRoll": 3.69140625,
                "LAnkleRoll": 6.943359375,
                "RHipPitch": -59.853515625
            }
        },
        {
            "duration": 0.07200000000000001,
            "pause": 0.0,
            "goals": {
                "LKnee": -55.72265625,
                "RHipYaw": 0.17578125,
                "LAnklePitch": -27.59765625,
                "RKnee": 56.162109375,
                "RAnkleRoll": 0.791015625,
                "RAnklePitch": 28.037109375,
                "LHipPitch": 45.615234375,
                "LHipYaw": 0.17578125,
                "LHipRoll": -0.439453125,
                "RHipRoll": 0.791015625,
                "LAnkleRoll": -0.439453125,
                "RHipPitch": -45.17578125
            }
        },
        {
            "duration": 1,
            "goals": {
                "LAnklePitch": -12.0,
                "LAnkleRoll": 0.6,
                "LElbow": 75.0,
                "LHipPitch": 50.0,
                "LHipRoll": 0.6,
                "LHipYaw": -0.277,
                "LKnee": -38.0,
                "LShoulderPitch": 0.0,
                "LShoulderRoll": 30.0,
                "RAnklePitch": 12.0,
                "RAnkleRoll": -0.6,
                "RElbow": -75.0,
                "RHipPitch": -50.0,
                "RHipRoll": 0.6,
                "RHipYaw": 0.277,
                "RKnee": 38.0,
                "RShoulderPitch": 0.0,
                "RShoulderRoll": -30.0
            },
            "pause": 1.0
        }
    ]
}
