{
    "author": "Schnupperstudenten 2014", 
    "description": "kleiner Tritt direkt nach rechts", 
    "hostname": "glados", 
    "keyframes": [
        {
            "duration": 1, 
            "goals": {
                "HeadPan": 7.470703125, 
                "HeadTilt": 0.0, 
                "LAnklePitch": -10.8984375, 
                "LAnkleRoll": -0.87890625, 
                "LElbow": 74.35546875, 
                "LElbowRoll": 0.0, 
                "LHand": 0.0, 
                "LHipPitch": 50.9765625, 
                "LHipRoll": -0.439453125, 
                "LHipYaw": -0.52734375, 
                "LKnee": -39.90234375, 
                "LShoulderPitch": -0.615234375, 
                "LShoulderRoll": 30.5859375, 
                "LShoulderYaw": 0.0, 
                "RAnklePitch": 11.162109375, 
                "RAnkleRoll": 0.3515625, 
                "RElbow": -74.35546875, 
                "RElbowRoll": 0.0, 
                "RHand": 0.0, 
                "RHipPitch": -51.328125, 
                "RHipRoll": 0.87890625, 
                "RHipYaw": 0.703125, 
                "RKnee": 39.287109375, 
                "RShoulderPitch": 0.791015625, 
                "RShoulderRoll": -30.76171875, 
                "RShoulderYaw": 0.0
            }, 
            "pause": 0.0
        }, 
        {
            "duration": 1, 
            "goals": {
                "HeadPan": 1.0546875, 
                "HeadTilt": -0.52734375, 
                "LAnklePitch": -96.064453125, 
                "LAnkleRoll": 0.615234375, 
                "LElbow": 94.130859375, 
                "LElbowRoll": 0.0, 
                "LHand": 0.0, 
                "LHipPitch": 51.50390625, 
                "LHipRoll": -26.71875, 
                "LHipYaw": 0.966796875, 
                "LKnee": -130.4296875, 
                "LShoulderPitch": 3.515625, 
                "LShoulderRoll": -70.13671875, 
                "LShoulderYaw": 0.0, 
                "RAnklePitch": 81.474609375, 
                "RAnkleRoll": 4.833984375, 
                "RElbow": 71.630859375, 
                "RElbowRoll": 0.0, 
                "RHand": 0.0, 
                "RHipPitch": -42.802734375, 
                "RHipRoll": -20.91796875, 
                "RHipYaw": -0.52734375, 
                "RKnee": 104.0625, 
                "RShoulderPitch": -104.326171875, 
                "RShoulderRoll": -17.138671875, 
                "RShoulderYaw": 0.0
            }, 
            "pause": 0.0
        }, 
        {
            "duration": "0.100", 
            "goals": {
                "HeadPan": 0.791, 
                "HeadTilt": -0.088, 
                "LAnklePitch": -96.152, 
                "LAnkleRoll": 1.318, 
                "LElbow": 93.34, 
                "LElbowRoll": 0.0, 
                "LHand": 0.0, 
                "LHipPitch": 52.295, 
                "LHipRoll": -27.334, 
                "LHipYaw": 1.055, 
                "LKnee": -130.254, 
                "LShoulderPitch": 3.428, 
                "LShoulderRoll": -68.73, 
                "LShoulderYaw": 0.0, 
                "RAnklePitch": 87.275, 
                "RAnkleRoll": 11.426, 
                "RElbow": 70.225, 
                "RElbowRoll": 0.0, 
                "RHand": 0.0, 
                "RHipPitch": -38.496, 
                "RHipRoll": -20.654, 
                "RHipYaw": 4.219, 
                "RKnee": 104.854, 
                "RShoulderPitch": -103.096, 
                "RShoulderRoll": -17.051, 
                "RShoulderYaw": 0.0
            }, 
            "p": {}, 
            "pause": "0.000"
        }, 
        {
            "duration": "0.100", 
            "goals": {
                "HeadPan": 0.791, 
                "HeadTilt": -0.088, 
                "LAnklePitch": -96.152, 
                "LAnkleRoll": 1.318, 
                "LElbow": 93.34, 
                "LElbowRoll": 0.0, 
                "LHand": 0.0, 
                "LHipPitch": 52.383, 
                "LHipRoll": -27.334, 
                "LHipYaw": 0.967, 
                "LKnee": -130.342, 
                "LShoulderPitch": 3.428, 
                "LShoulderRoll": -68.73, 
                "LShoulderYaw": 0.0, 
                "RAnklePitch": 87.275, 
                "RAnkleRoll": 11.426, 
                "RElbow": 70.225, 
                "RElbowRoll": 0.0, 
                "RHand": 0.0, 
                "RHipPitch": -38.496, 
                "RHipRoll": -4.482, 
                "RHipYaw": 5.186, 
                "RKnee": 103.887, 
                "RShoulderPitch": -103.096, 
                "RShoulderRoll": -16.963, 
                "RShoulderYaw": 0.0
            }, 
            "p": {}, 
            "pause": "0.000"
        }, 
        {
            "duration": "0.100", 
            "goals": {
                "HeadPan": 0.791, 
                "HeadTilt": -0.088, 
                "LAnklePitch": -96.152, 
                "LAnkleRoll": 1.318, 
                "LElbow": 93.428, 
                "LElbowRoll": 0.0, 
                "LHand": 0.0, 
                "LHipPitch": 52.383, 
                "LHipRoll": -27.334, 
                "LHipYaw": 1.143, 
                "LKnee": -130.254, 
                "LShoulderPitch": 3.428, 
                "LShoulderRoll": -68.643, 
                "LShoulderYaw": 0.0, 
                "RAnklePitch": 87.363, 
                "RAnkleRoll": 11.426, 
                "RElbow": 70.225, 
                "RElbowRoll": 0.0, 
                "RHand": 0.0, 
                "RHipPitch": -39.551, 
                "RHipRoll": -21.885, 
                "RHipYaw": 2.373, 
                "RKnee": 105.293, 
                "RShoulderPitch": -103.096, 
                "RShoulderRoll": -16.963, 
                "RShoulderYaw": 0.0
            }, 
            "p": {}, 
            "pause": "0.000"
        }, 
        {
            "duration": "0.700", 
            "goals": {
                "HeadPan": 0.791, 
                "HeadTilt": -0.088, 
                "LAnklePitch": -96.152, 
                "LAnkleRoll": 1.318, 
                "LElbow": 93.34, 
                "LElbowRoll": 0.0, 
                "LHand": 0.0, 
                "LHipPitch": 52.295, 
                "LHipRoll": -26.807, 
                "LHipYaw": 1.143, 
                "LKnee": -130.254, 
                "LShoulderPitch": 3.428, 
                "LShoulderRoll": -68.73, 
                "LShoulderYaw": 0.0, 
                "RAnklePitch": 81.123, 
                "RAnkleRoll": 2.725, 
                "RElbow": 70.225, 
                "RElbowRoll": 0.0, 
                "RHand": 0.0, 
                "RHipPitch": -40.957, 
                "RHipRoll": -25.137, 
                "RHipYaw": 0.703, 
                "RKnee": 101.953, 
                "RShoulderPitch": -103.096, 
                "RShoulderRoll": -16.963, 
                "RShoulderYaw": 0.0
            }, 
            "p": {}, 
            "pause": "0.000"
        }, 
        {
            "duration": 1, 
            "goals": {
                "HeadPan": -0.087890625, 
                "HeadTilt": 0.0, 
                "LAnklePitch": -66.97265625, 
                "LAnkleRoll": -0.87890625, 
                "LElbow": 92.4609375, 
                "LElbowRoll": 0.0, 
                "LHand": 0.0, 
                "LHipPitch": 75.673828125, 
                "LHipRoll": -13.7109375, 
                "LHipYaw": -0.791015625, 
                "LKnee": -121.728515625, 
                "LShoulderPitch": 2.4609375, 
                "LShoulderRoll": -65.21484375, 
                "LShoulderYaw": 0.0, 
                "RAnklePitch": 46.23046875, 
                "RAnkleRoll": 1.494140625, 
                "RElbow": 69.345703125, 
                "RElbowRoll": 0.0, 
                "RHand": 0.0, 
                "RHipPitch": -83.408203125, 
                "RHipRoll": -9.4921875, 
                "RHipYaw": -2.63671875, 
                "RKnee": 107.490234375,