{
    "author": "Schnupperstudenten 2014", 
    "description": "Rechtskick mit der Fußplatte nach vorne", 
    "hostname": "fiona", 
    "keyframes": [
        {
            "duration": 1.0, 
            "goals": {
                "HeadPan": -0.087890625, 
                "HeadTilt": -35.0, 
                "LAnklePitch": -1.58203125, 
                "LAnkleRoll": -0.087890625, 
                "LElbow": -9.140625, 
                "LHipPitch": 2.8125, 
                "LHipRoll": -0.087890625, 
                "LHipYaw": -0.087890625, 
                "LKnee": -0.087890625, 
                "LShoulderPitch": 49.39453125, 
                "LShoulderRoll": 25.927734375, 
                "RAnklePitch": 1.318359375, 
                "RAnkleRoll": -0.087890625, 
                "RElbow": 8.701171875, 
                "RHipPitch": -3.076171875, 
                "RHipRoll": -0.087890625, 
                "RHipYaw": -0.087890625, 
                "RKnee": -0.087890625, 
                "RShoulderPitch": -49.921875, 
                "RShoulderRoll": -26.455078125
            }, 
            "pause": 0.0
        }, 
        {
            "duration": 1, 
            "goals": {
                "HeadPan": -6.328125, 
                "HeadTilt": -11.25, 
                "LAnklePitch": -33.57421875, 
                "LAnkleRoll": 17.841796875, 
                "LElbow": 73.740234375, 
                "LElbowRoll": 0.0, 
                "LHand": 0.0, 
                "LHipPitch": 41.66015625, 
                "LHipRoll": 19.599609375, 
                "LHipYaw": -1.494140625, 
                "LKnee": -71.3671875, 
                "LShoulderPitch": 0.17578125, 
                "LShoulderRoll": 6.416015625, 
                "LShoulderYaw": 0.0, 
                "RAnklePitch": 32.255859375, 
                "RAnkleRoll": 19.16015625, 
                "RElbow": -73.916015625, 
                "RElbowRoll": 0.0, 
                "RHand": 0.0, 
                "RHipPitch": -64.51171875, 
                "RHipRoll": 18.45703125, 
                "RHipYaw": -3.251953125, 
                "RKnee": 98.349609375, 
                "RShoulderPitch": -0.17578125, 
                "RShoulderRoll": -18.28125, 
                "RShoulderYaw": 0.0
            }, 
            "pause": 0.0
        }, 
        {
            "duration": "0.500", 
            "goals": {
                "HeadPan": -6.328, 
                "HeadTilt": -11.25, 
                "LAnklePitch": -34.102, 
                "LAnkleRoll": 16.348, 
                "LElbow": 73.74, 
                "LElbowRoll": 0.0, 
                "LHand": 0.0, 
                "LHipPitch": 41.836, 
                "LHipRoll": 19.424, 
                "LHipYaw": -0.967, 
                "LKnee": -68.203, 
                "LShoulderPitch": -0.264, 
                "LShoulderRoll": 6.416, 
                "LShoulderYaw": 0.0, 
                "RAnklePitch": 74.18, 
                "RAnkleRoll": 0.176, 
                "RElbow": -74.004, 
                "RElbowRoll": 0.0, 
                "RHand": 0.0, 
                "RHipPitch": -85.693, 
                "RHipRoll": 15.732, 
                "RHipYaw": -2.9, 
                "RKnee": 124.453, 
                "RShoulderPitch": 0.176, 
                "RShoulderRoll": -18.193, 
                "RShoulderYaw": 0.0
            }, 
            "p": {}, 
            "pause": "0.000"
        }, 
        {
            "duration": "0.100", 
            "goals": {
                "HeadPan": -5.977, 
                "HeadTilt": -11.162, 
                "LAnklePitch": -35.684, 
                "LAnkleRoll": 16.787, 
                "LElbow": 72.773, 
                "LElbowRoll": 0.0, 
                "LHand": 0.0, 
                "LHipPitch": 42.1, 
                "LHipRoll": 22.5, 
                "LHipYaw": -0.264, 
                "LKnee": -71.719, 
                "LShoulderPitch": 0.088, 
                "LShoulderRoll": 6.504, 
                "LShoulderYaw": 0.0, 
                "RAnklePitch": 90.967, 
                "RAnkleRoll": -4.131, 
                "RElbow": -73.916, 
                "RElbowRoll": 0.0, 
                "RHand": 0.0, 
                "RHipPitch": -102.568, 
                "RHipRoll": 13.711, 
                "RHipYaw": -1.67, 
                "RKnee": 53.525, 
                "RShoulderPitch": -0.176, 
                "RShoulderRoll": -18.193, 
                "RShoulderYaw": 0.0
            }, 
            "p": {}, 
            "pause": "0.000"
        }, 
        {
            "duration": 1, 
            "goals": {
                "HeadPan": -4.833984375, 
                "HeadTilt": -10.8984375, 
                "LAnklePitch": -33.837890625, 
                "LAnkleRoll": 15.029296875, 
                "LElbow": 71.89453125, 
                "LElbowRoll": 0.0, 
                "LHand": 0.0, 
                "LHipPitch": 41.220703125, 
                "LHipRoll": 25.83984375, 
                "LHipYaw": -0.439453125, 
                "LKnee": -75.498046875, 
                "LShoulderPitch": 0.17578125, 
                "LShoulderRoll": 6.328125, 
                "LShoulderYaw": 0.0, 
                "RAnklePitch": 42.099609375, 
                "RAnkleRoll": 17.841796875, 
                "RElbow": -72.94921875, 
                "RElbowRoll": 0.0, 
                "RHand": 0.0, 
                "RHipPitch": -75.322265625, 
                "RHipRoll": 25.6640625, 
                "RHipYaw": -0.791015625, 
                "RKnee": 116.279296875, 
                "RShoulderPitch": -0.17578125, 
                "RShoulderRoll": -18.28125, 
                "RShoulderYaw": 0.0
            }, 
            "pause": 0.0
        }, 
        {
            "duration": 1, 
            "goals": {
                "HeadPan": -4.833984375, 
                "HeadTilt": -10.8984375, 
                "LAnklePitch": -28.125, 
                "LAnkleRoll": -3.69140625, 
                "LElbow": 71.806640625, 
                "LElbowRoll": 0.0, 
                "LHand": 0.0, 
                "LHipPitch": 63.720703125, 
                "LHipRoll": -3.515625, 
                "LHipYaw": -0.703125, 
                "LKnee": -81.5625, 
                "LShoulderPitch": -0.263671875, 
                "LShoulderRoll": 6.328125, 
                "LShoulderYaw": 0.0, 
                "RAnklePitch": 28.740234375, 
                "RAnkleRoll": -1.93359375, 
                "RElbow": -72.861328125, 
                "RElbowRoll": 0.0, 
                "RHand": 0.0, 
                "RHipPitch": -61.34765625, 
                "RHipRoll": -4.833984375, 
                "RHipYaw": 2.109375, 
                "RKnee": 81.298828125, 
                "RShoulderPitch": 0.263671875, 
                "RShoulderRoll": -18.28125, 
                "RShoulderYaw": 0.0
            }, 
            "pause": 0.0
        }, 
        {
            "duration": 1, 
            "goals": {
                "HeadPan": -4.921875, 
                "HeadTilt": -10.8984375, 
                "LAnklePitch": 0.87890625, 
                "LAnkleRoll": -0.87890625, 
                "LElbow": 71.806640625, 
                "LElbowRoll": 0.0, 
                "LHand": 0.0, 
                "LHipPitch": 2.4609375, 
                "LHipRoll": 0.087890625, 
                "LHipYaw": 1.669921875, 
                "LKnee": -0.791015625, 
                "LShoulderPitch": 0.17578125, 
                "LShoulderRoll": 6.328125, 
                "LShoulderYaw": 0.0, 
                "RAnklePitch": 1.58203125, 
                "RAnkleRoll": 0.17578125, 
                "RElbow": -72.861328125, 
                "RElbowRoll": 0.0, 
                "RHand": 0.0, 
                "RHipPitch": 0.439453125, 
                "RHipRoll": 0.17578125, 
                "RHipYaw": -0.17578125, 
                "RKnee": 2.4609375, 
                "RShoulderPitch": -0.17578125, 
                "RShoulderRoll": -18.28125,