{
    "default_interpolator": "LinearInterpolator", 
    "name": "linkskick", 
"discription": "Kickt mit Links",
    "keyframes": [
        {
            "duration": 0.496, 
            "pause": 0.0, 
            "goals": {
                "LShoulderPitch": 41.30859375, 
                "LShoulderRoll": 17.578125, 
                "RShoulderRoll": -17.841796875, 
                "LKnee": -53.173828125, 
                "RHipYaw": 0.0, 
                "LAnklePitch": -29.970703125, 
                "RKnee": 53.173828125, 
                "RAnkleRoll": 0.791015625, 
                "RAnklePitch": 29.970703125, 
                "LHipPitch": 36.123046875, 
                "LHipYaw": 0.0, 
                "LHipRoll": -0.3515625, 
                "RHipRoll": 0.3515625, 
                "LAnkleRoll": -0.791015625, 
                "LElbow": -29.53125, 
                "RElbow": 29.267578125, 
                "RHipPitch": -36.123046875, 
                "RShoulderPitch": -48.33984375
            }
        }, 
        {
            "duration": 0.2, 
            "pause": 0.0, 
            "goals": {
                "LShoulderPitch": 55.810546875, 
                "LShoulderRoll": 18.017578125, 
                "RShoulderRoll": -21.4453125, 
                "LKnee": -53.173828125, 
                "RHipYaw": -0.703125, 
                "LAnklePitch": -29.970703125, 
                "RKnee": 53.173828125, 
                "RAnkleRoll": -9.4921875, 
                "RAnklePitch": 29.970703125, 
                "LHipPitch": 36.123046875, 
                "LHipYaw": -0.703125, 
                "LHipRoll": -1.318359375, 
                "RHipRoll": -0.087890625, 
                "LAnkleRoll": -15.908203125, 
                "LElbow": -29.970703125, 
                "RElbow": 28.916015625, 
                "RHipPitch": -36.123046875, 
                "RShoulderPitch": -33.22265625
            }
        }, 
        {
            "duration": 0.07200000000000001, 
            "pause": 0.0, 
            "goals": {
                "LShoulderPitch": 55.810546875, 
                "LShoulderRoll": 18.017578125, 
                "RShoulderRoll": -21.4453125, 
                "LKnee": -85.869140625, 
                "RHipYaw": -0.703125, 
                "LAnklePitch": -44.033203125, 
                "RKnee": 53.173828125, 
                "RAnkleRoll": -9.4921875, 
                "RAnklePitch": 29.970703125, 
                "LHipPitch": 53.525390625, 
                "LHipYaw": -0.703125, 
                "LHipRoll": -7.119140625, 
                "RHipRoll": 2.8125, 
                "LAnkleRoll": -15.908203125, 
                "LElbow": -29.970703125, 
                "RElbow": 28.916015625, 
                "RHipPitch": -44.912109375, 
                "RShoulderPitch": -33.22265625
            }
        }, 
        {
            "duration": 0.07200000000000001, 
            "pause": 0.14400000000000002, 
            "goals": {
                "LShoulderPitch": 61.69921875, 
                "LShoulderRoll": 21.005859375, 
                "RShoulderRoll": -21.4453125, 
                "LKnee": -30.234375, 
                "RHipYaw": -0.703125, 
                "LAnklePitch": 18.369140625, 
                "RKnee": 55.283203125, 
                "RAnkleRoll": -9.4921875, 
                "RAnklePitch": 27.421875, 
                "LHipPitch": 71.103515625, 
                "LHipYaw": -0.703125, 
                "LHipRoll": -7.119140625, 
                "RHipRoll": 2.8125, 
                "LAnkleRoll": -10.01953125, 
                "LElbow": -0.703125, 
                "RElbow": 49.39453125, 
                "RHipPitch": -40.517578125, 
                "RShoulderPitch": -15.64453125
            }
        }, 
        {
            "duration": 0.07200000000000001, 
            "pause": 0.0, 
            "goals": {
                "LShoulderPitch": 47.021484375, 
                "LShoulderRoll": 18.017578125, 
                "RShoulderRoll": -21.4453125, 
                "LKnee": -85.869140625, 
                "RHipYaw": -0.703125, 
                "LAnklePitch": -43.154296875, 
                "RKnee": 53.173828125, 
                "RAnkleRoll": -7.734375, 
                "RAnklePitch": 29.970703125, 
                "LHipPitch": 63.720703125, 
                "LHipYaw": -0.703125, 
                "LHipRoll": -7.119140625, 
                "RHipRoll": 2.8125, 
                "LAnkleRoll": -15.908203125, 
                "LElbow": -29.970703125, 
                "RElbow": 28.916015625, 
                "RHipPitch": -36.123046875, 
                "RShoulderPitch": -42.01171875
            }
        }, 
        {
            "duration": 0.112, 
            "pause": 0.0, 
            "goals": {
                "LShoulderPitch": 41.30859375, 
                "LShoulderRoll": 17.578125, 
                "RShoulderRoll": -17.841796875, 
                "LKnee": -53.173828125, 
                "RHipYaw": 0.0, 
                "LAnklePitch": -29.970703125, 
                "RKnee": 53.173828125, 
                "RAnkleRoll": 0.791015625, 
                "RAnklePitch": 29.970703125, 
                "LHipPitch": 36.123046875, 
                "LHipYaw": 0.0, 
                "LHipRoll": -0.3515625, 
                "RHipRoll": 0.3515625, 
                "LAnkleRoll": -0.791015625, 
                "LElbow": -29.53125, 
                "RElbow": 29.267578125, 
                "RHipPitch": -36.123046875, 
                "RShoulderPitch": -48.33984375
            }
        }, 
        {
            "duration": 0.496, 
            "pause": 0.0, 
            "goals": {
                "LShoulderPitch": 41.30859375, 
                "LShoulderRoll": 17.578125, 
                "RShoulderRoll": -17.841796875, 
                "LKnee": -53.173828125, 
                "RHipYaw": 0.0, 
                "LAnklePitch": -29.970703125, 
                "RKnee": 53.173828125, 
                "RAnkleRoll": 0.791015625, 
                "RAnklePitch": 29.970703125, 
                "LHipPitch": 36.123046875, 
                "LHipYaw": 0.0, 
                "LHipRoll": -0.3515625, 
                "RHipRoll": 0.3515625, 
                "LAnkleRoll": -0.791015625, 
                "LElbow": -29.53125, 
                "RElbow": 29.267578125, 
                "RHipPitch": -36.123046875, 
                "RShoulderPitch": -48.33984375
            }
        }
    ]
}
