{
    "default_interpolator": "LinearInterpolator", 
    "name": "rightk",
"discription": "Kickt mit Rechts", 
    "keyframes": [
        {
            "duration": 0.496, 
            "pause": 0.0, 
            "goals": {
                "LShoulderPitch": 41.30859375, 
                "LShoulderRoll": 17.578125, 
                "RShoulderRoll": -17.841796875, 
                "LKnee": -53.173828125, 
                "RHipYaw": 0.0, 
                "LAnklePitch": -29.970703125, 
                "RKnee": 53.173828125, 
                "RAnkleRoll": 0.791015625, 
                "RAnklePitch": 29.970703125, 
                "LHipPitch": 36.123046875, 
                "LHipYaw": 0.0, 
                "LHipRoll": -0.3515625, 
                "RHipRoll": 0.3515625, 
                "LAnkleRoll": -0.791015625, 
                "LElbow": -29.53125, 
                "RElbow": 29.267578125, 
                "RHipPitch": -36.123046875, 
                "RShoulderPitch": -48.33984375
            }
        }, 
        {
            "duration": 0.2, 
            "pause": 0.0, 
            "goals": {
                "LShoulderPitch": 32.6953125, 
                "LShoulderRoll": 21.005859375, 
                "RShoulderRoll": -18.544921875, 
                "LKnee": -53.173828125, 
                "RHipYaw": 0.17578125, 
                "LAnklePitch": -29.970703125, 
                "RKnee": 52.55859375, 
                "RAnkleRoll": 13.623046875, 
                "RAnklePitch": 29.970703125, 
                "LHipPitch": 36.123046875, 
                "LHipYaw": 0.17578125, 
                "LHipRoll": -0.439453125, 
                "RHipRoll": 0.791015625, 
                "LAnkleRoll": 9.84375, 
                "LElbow": -29.35546875, 
                "RElbow": 29.443359375, 
                "RHipPitch": -36.123046875, 
                "RShoulderPitch": -56.337890625
            }
        }, 
        {
            "duration": 0.07200000000000001, 
            "pause": 0.0, 
            "goals": {
                "LShoulderPitch": 32.6953125, 
                "LShoulderRoll": 21.005859375, 
                "RShoulderRoll": -18.544921875, 
                "LKnee": -57.48046875, 
                "RHipYaw": 0.17578125, 
                "LAnklePitch": -29.970703125, 
                "RKnee": 85.4296875, 
                "RAnkleRoll": 13.623046875, 
                "RAnklePitch": 42.626953125, 
                "LHipPitch": 47.900390625, 
                "LHipYaw": 0.17578125, 
                "LHipRoll": -3.33984375, 
                "RHipRoll": 6.591796875, 
                "LAnkleRoll": 9.84375, 
                "LElbow": -29.35546875, 
                "RElbow": 29.443359375, 
                "RHipPitch": -53.96484375, 
                "RShoulderPitch": -56.337890625
            }
        }, 
        {
            "duration": 0.07200000000000001, 
            "pause": 0.14400000000000002, 
            "goals": {
                "LShoulderPitch": 15.1171875, 
                "LShoulderRoll": 21.005859375, 
                "RShoulderRoll": -21.4453125, 
                "LKnee": -55.72265625, 
                "RHipYaw": 0.17578125, 
                "LAnklePitch": -27.0703125, 
                "RKnee": 29.794921875, 
                "RAnkleRoll": 9.580078125, 
                "RAnklePitch": -22.32421875, 
                "LHipPitch": 43.505859375, 
                "LHipYaw": 0.17578125, 
                "LHipRoll": -3.33984375, 
                "RHipRoll": 6.591796875, 
                "LAnkleRoll": 6.943359375, 
                "LElbow": -49.921875, 
                "RElbow": 0.17578125, 
                "RHipPitch": -77.6953125, 
                "RShoulderPitch": -62.2265625
            }
        }, 
        {
            "duration": 0.07200000000000001, 
            "pause": 0.0, 
            "goals": {
                "LShoulderPitch": 32.6953125, 
                "LShoulderRoll": 21.005859375, 
                "RShoulderRoll": -18.544921875, 
                "LKnee": -55.72265625, 
                "RHipYaw": 0.17578125, 
                "LAnklePitch": -29.35546875, 
                "RKnee": 85.4296875, 
                "RAnkleRoll": 13.623046875, 
                "RAnklePitch": 42.626953125, 
                "LHipPitch": 42.626953125, 
                "LHipYaw": 0.17578125, 
                "LHipRoll": -3.33984375, 
                "RHipRoll": 6.591796875, 
                "LAnkleRoll": 9.84375, 
                "LElbow": -29.35546875, 
                "RElbow": 29.443359375, 
                "RHipPitch": -67.1484375, 
                "RShoulderPitch": -56.337890625
            }
        }, 
        {
            "duration": 0.112, 
            "pause": 0.0, 
            "goals": {
                "LShoulderPitch": 41.30859375, 
                "LShoulderRoll": 17.578125, 
                "RShoulderRoll": -17.841796875, 
                "LKnee": -53.173828125, 
                "RHipYaw": 0.0, 
                "LAnklePitch": -29.970703125, 
                "RKnee": 53.173828125, 
                "RAnkleRoll": 0.791015625, 
                "RAnklePitch": 29.970703125, 
                "LHipPitch": 36.123046875, 
                "LHipYaw": 0.0, 
                "LHipRoll": -0.3515625, 
                "RHipRoll": 0.3515625, 
                "LAnkleRoll": -0.791015625, 
                "LElbow": -29.53125, 
                "RElbow": 29.267578125, 
                "RHipPitch": -36.123046875, 
                "RShoulderPitch": -48.33984375
            }
        }, 
        {
            "duration": 0.496, 
            "pause": 0.0, 
            "goals": {
                "LShoulderPitch": 41.30859375, 
                "LShoulderRoll": 17.578125, 
                "RShoulderRoll": -17.841796875, 
                "LKnee": -53.173828125, 
                "RHipYaw": 0.0, 
                "LAnklePitch": -29.970703125, 
                "RKnee": 53.173828125, 
                "RAnkleRoll": 0.791015625, 
                "RAnklePitch": 29.970703125, 
                "LHipPitch": 36.123046875, 
                "LHipYaw": 0.0, 
                "LHipRoll": -0.3515625, 
                "RHipRoll": 0.3515625, 
                "LAnkleRoll": -0.791015625, 
                "LElbow": -29.53125, 
                "RElbow": 29.267578125, 
                "RHipPitch": -36.123046875, 
                "RShoulderPitch": -48.33984375
            }
        }
    ]
}
