{
  "carpet": {
    "mean": [
      98.6829576687104, 
      105.32538830537315, 
      74.89722984544416
    ], 
    "cov": [
      [
        0.19370335446314257, 
        -0.0025476343436765677, 
        0.3079230621175107
      ], 
      [
        -0.002547634343676571, 
        0.018700311515182165, 
        0.014849295544289005
      ], 
      [
        0.30792306211751064, 
        0.014849295544289008, 
        0.523730784736997
      ]
    ]
  }, 
  "yellow_goal": {
    "mean": [
      160.57428196168811, 
      55.15012514559017, 
      136.26322702153496
    ], 
    "cov": [
      [
        0.15702765203439667, 
        0.3079845202307948, 
        0.018320707923760907
      ], 
      [
        0.3079845202307948, 
        0.846968390572301, 
        0.5213016803915209
      ], 
      [
        0.018320707923760955, 
        0.521301680391521, 
        1.407340668546052
      ]
    ]
  }, 
  "ball": {
    "mean": [
      123.12777408637874, 
      78.53382059800664, 
      192.05581395348838
    ], 
    "cov": [
      [
        0.01950970143558019, 
        0.016231761078577534, 
        0.0382696040037086
      ], 
      [
        0.016231761078577538, 
        0.024667825648247158, 
        0.029250658154401053
      ], 
      [
        0.0382696040037086, 
        0.029250658154401053, 
        0.08279919580203143
      ]
    ]
  }, 
  "field_line": {
    "mean": [
      220.62638507434417, 
      126.73079837105786, 
      125.66993402152981
    ], 
    "cov": [
      [
        0.004404461800581554, 
        0.011338142385720692, 
        -0.0045451013777418
      ], 
      [
        0.011338142385720696, 
        0.15669463278807522, 
        0.028796806496277676
      ], 
      [
        -0.004545101377741799, 
        0.028796806496277687, 
        0.061400664307572954
      ]
    ]
  }, 
  "blue_goal": {
    "mean": [
      91.08985831469053, 
      142.9627143922446, 
      106.73340790454884
    ], 
    "cov": [
      [
        0.11422341305011557, 
        0.024554889317127522, 
        -0.03723342005290475
      ], 
      [
        0.02455488931712753, 
        0.10441670713559408, 
        0.06864547315139928
      ], 
      [
        -0.037233420052904746, 
        0.0686454731513993, 
        0.15771517112929256
      ]
    ]
  }
}