{
    "name": "/tmp/backup.json",
    "keyframes": [

    {"duration": 0.3, "pause": 0.0, "goals": {"LShoulderPitch": 155.7421875, "LShoulderRoll": 8.349609375, "RShoulderRoll": -17.666015625, "HeadTilt": -40.0, "LKnee": -130.517578125, "RHipYaw": 0.615234375, "LAnklePitch": -72.861328125, "RKnee": 129.111328125, "RAnkleRoll": -4.833984375, "RAnklePitch": 69.873046875, "LHipPitch": 63.017578125, "LHipYaw": -2.197265625, "LHipRoll": -0.263671875, "RHipRoll": -4.306640625, "LAnkleRoll": 0.52734375, "LElbow": 91.40625, "RElbow": 26.19140625, "RHipPitch": -67.32421875, "HeadPan": 0.17578125, "RShoulderPitch": -39.55078125}},
    {"duration": 0.75, "pause": 0.0, "goals": {"LShoulderPitch": 172.529296875, "LShoulderRoll": 36.73828125, "RShoulderRoll": -24.9609375, "HeadTilt": -40.0, "LKnee": -130.693359375, "RHipYaw": 0.87890625, "LAnklePitch": -72.7734375, "RKnee": 4.74609375, "RAnkleRoll": 44.560546875, "RAnklePitch": 6.416015625, "LHipPitch": 58.271484375, "LHipYaw": 0.263671875, "LHipRoll": 10.1953125, "RHipRoll": 0.615234375, "LAnkleRoll": -2.109375, "LElbow": 92.373046875, "RElbow": -89.47265625, "RHipPitch": -8.876953125, "HeadPan": 0.087890625, "RShoulderPitch": 21.005859375}}]
}
