{"name": "/tmp/backup.json", "keyframes": [{"duration": 1, "pause": 0.0, "goals": {"LShoulderPitch": 37.265625, "LShoulderRoll": 17.40234375, "RShoulderRoll": -17.75390625, "LKnee": -131.220703125, "RHipYaw": -0.3515625, "LAnklePitch": -65.654296875, "RKnee": 129.814453125, "HeadTilt": -35.0, "RAnklePitch": 65.91796875, "LHipPitch": 64.951171875, "LHipYaw": -0.966796875, "LHipRoll": 0.703125, "RAnkleRoll": -9.580078125, "LAnkleRoll": 2.021484375, "LElbow": -26.54296875, "RHipRoll": -7.55859375, "RHipPitch": -65.478515625, "HeadPan": -0.439453125, "RElbow": 27.59765625, "RShoulderPitch": -45.263671875}}, {"duration": 1, "pause": 0.0, "goals": {"LShoulderPitch": -59.4140625, "LShoulderRoll": -54.31640625, "RShoulderRoll": -17.75390625, "LKnee": -130.78125, "RHipYaw": 0.263671875, "LAnklePitch": -69.43359375, "RKnee": 119.267578125, "HeadTilt": -35.0, "RAnklePitch": 65.56640625, "LHipPitch": 58.974609375, "LHipYaw": -4.5703125, "LHipRoll": -15.46875, "RAnkleRoll": -8.61328125, "LAnkleRoll": 10.1953125, "LElbow": 26.3671875, "RHipRoll": -19.6875, "RHipPitch": -50.625, "HeadPan": -0.17578125, "RElbow": 27.0703125, "RShoulderPitch": -41.484375}}, {"duration": 1, "pause": 0.0, "goals": {"LShoulderPitch": -170.595703125, "LShoulderRoll": 37.177734375, "RShoulderRoll": -20.830078125, "HeadTilt": -40.0, "LKnee": -107.578125, "RHipYaw": -0.3515625, "LAnklePitch": -68.291015625, "RKnee": -0.791015625, "RAnkleRoll": 43.505859375, "RAnklePitch": 0.615234375, "LHipPitch": 48.076171875, "LHipYaw": -6.943359375, "LHipRoll": -14.58984375, "RHipRoll": -2.98828125, "LAnkleRoll": 22.1484375, "LElbow": 91.40625, "RElbow": -4.74609375, "RHipPitch": 5.009765625, "HeadPan": 0.17578125, "RShoulderPitch": 80.15625}}]}
