{"name": "/tmp/backup.json", "keyframes": [{"duration": 1, "pause": 0.0, "goals": {"LShoulderPitch": 34.27734375, "LShoulderRoll": 17.578125, "RShoulderRoll": -17.666015625, "HeadTilt": -40.0, "LKnee": -109.6875, "RHipYaw": -11.25, "LAnklePitch": -62.75390625, "RKnee": 126.03515625, "RAnkleRoll": -34.013671875, "RAnklePitch": 58.271484375, "LHipPitch": 48.1640625, "LHipYaw": -5.009765625, "LHipRoll": -34.8046875, "RHipRoll": -30.849609375, "LAnkleRoll": -44.6484375, "LElbow": -25.400390625, "RElbow": 25.13671875, "RHipPitch": -74.00390625, "HeadPan": 0.17578125, "RShoulderPitch": -41.484375}}, {"duration": 1, "pause": 0.0, "goals": {"LShoulderPitch": 4.21875, "LShoulderRoll": -34.365234375, "RShoulderRoll": -40.4296875, "HeadTilt": -40.0, "LKnee": -27.421875, "RHipYaw": -11.162109375, "LAnklePitch": -15.8203125, "RKnee": 127.6171875, "RAnkleRoll": -34.62890625, "RAnklePitch": 59.326171875, "LHipPitch": 18.544921875, "LHipYaw": -7.822265625, "LHipRoll": -61.875, "RHipRoll": -33.75, "LAnkleRoll": -63.984375, "LElbow": 85.341796875, "RElbow": 26.015625, "RHipPitch": -77.6953125, "HeadPan": 0.087890625, "RShoulderPitch": -12.65625}}]}
