{"name": "/tmp/backup.json", "keyframes": [{"duration": 1, "pause": 0.0, "goals": {"LShoulderPitch": 39.90234375, "LShoulderRoll": 17.666015625, "RShoulderRoll": -17.841796875, "HeadTilt": -35.0, "LKnee": -55.458984375, "RHipYaw": 0.17578125, "LAnklePitch": -30.41015625, "RKnee": 54.84375, "RAnkleRoll": -0.439453125, "RAnklePitch": 29.970703125, "LHipPitch": 35.068359375, "LHipYaw": 0.0, "LHipRoll": -0.263671875, "RHipRoll": 0.615234375, "LAnkleRoll": 0.263671875, "LElbow": -28.30078125, "RElbow": 28.125, "RHipPitch": -36.73828125, "HeadPan": -0.263671875, "RShoulderPitch": -47.021484375}}, {"duration": 1, "pause": 0.0, "goals": {"LShoulderPitch": 37.177734375, "LShoulderRoll": 17.666015625, "RShoulderRoll": -17.841796875, "HeadTilt": -35.0, "LKnee": -130.166015625, "RHipYaw": -0.52734375, "LAnklePitch": -73.916015625, "RKnee": 129.462890625, "RAnkleRoll": -5.625, "RAnklePitch": 68.994140625, "LHipPitch": 52.294921875, "LHipYaw": -4.130859375, "LHipRoll": 1.7578125, "RHipRoll": -4.658203125, "LAnkleRoll": 2.724609375, "LElbow": -27.861328125, "RElbow": 27.7734375, "RHipPitch": -59.0625, "HeadPan": 0.17578125, "RShoulderPitch": -44.384765625}}]}
