{"name": "/tmp/backup.json", "keyframes": [{"duration": 1, "pause": 0.0, "goals": {"LShoulderPitch": 36.03515625, "LShoulderRoll": 17.490234375, "RShoulderRoll": -17.666015625, "HeadTilt": -40.0, "LKnee": -130.25390625, "RHipYaw": -0.52734375, "LAnklePitch": -73.740234375, "RKnee": 129.375, "RAnkleRoll": -4.833984375, "RAnklePitch": 68.37890625, "LHipPitch": 52.119140625, "LHipYaw": -2.98828125, "LHipRoll": 1.142578125, "RHipRoll": -4.21875, "LAnkleRoll": 2.63671875, "LElbow": -26.89453125, "RElbow": 26.015625, "RHipPitch": -59.23828125, "HeadPan": -0.3515625, "RShoulderPitch": -43.41796875}}, {"duration": 1, "pause": 0.0, "goals": {"LShoulderPitch": 28.212890625, "LShoulderRoll": 17.490234375, "RShoulderRoll": -21.4453125, "HeadTilt": -40.0, "LKnee": -130.25390625, "RHipYaw": 0.087890625, "LAnklePitch": -73.388671875, "RKnee": 128.759765625, "RAnkleRoll": -3.955078125, "RAnklePitch": 70.927734375, "LHipPitch": 66.181640625, "LHipYaw": 0.966796875, "LHipRoll": -0.615234375, "RHipRoll": -4.130859375, "LAnkleRoll": 1.494140625, "LElbow": -26.015625, "RElbow": -91.494140625, "RHipPitch": -69.43359375, "HeadPan": 0.0, "RShoulderPitch": -170.419921875}}, {"duration": 1, "pause": 0.0, "goals": {"LShoulderPitch": -0.615234375, "LShoulderRoll": 26.806640625, "RShoulderRoll": -35.859375, "HeadTilt": -40.0, "LKnee": -11.689453125, "RHipYaw": 1.142578125, "LAnklePitch": -5.625, "RKnee": 129.7265625, "RAnkleRoll": 0.87890625, "RAnklePitch": 67.587890625, "LHipPitch": 4.482421875, "LHipYaw": -1.0546875, "LHipRoll": -8.96484375, "RHipRoll": -21.4453125, "LAnkleRoll": -51.767578125, "LElbow": 60.46875, "RElbow": -94.306640625, "RHipPitch": -63.28125, "HeadPan": 0.0, "RShoulderPitch": -176.484375}}]}
