{
    "author": "Jessica", 
    "description": "Goalie geht in Hocke und reißt dann kurz beide Arme nach vorne", 
    "default_interpolator": "LinearInterpolator", 
    "keyframes": [
        {
            "duration": 0.8, 
            "pause": 1.0, 
            "goals": {
                "LKnee": -129.814453125, 
                "RHipYaw": -0.439453125, 
                "LAnklePitch": -71.015625, 
                "RKnee": 128.759765625, 
                "RAnkleRoll": 2.548828125, 
                "RAnklePitch": 69.873046875, 
                "LHipPitch": 65.830078125, 
                "LHipYaw": -1.318359375, 
                "LHipRoll": -0.439453125, 
                "RHipRoll": 0.791015625, 
                "LAnkleRoll": -0.966796875, 
                "RHipPitch": -67.763671875
            }
        },
        {
            "duration": 1.0, 
            "pause": 0.5, 
            "goals": {
                "LKnee": -129.814453125, 
                "RHipYaw": -0.439453125, 
                "LAnklePitch": -71.015625, 
		"LElbow": 84.375, 
                "LElbowRoll": 0.0, 
                "LHand": 0.0, 
                "RKnee": 128.759765625, 
                "RAnkleRoll": 2.548828125, 
		"LShoulderPitch": 0.527, 
                "LShoulderRoll": 29.883, 
                "RAnklePitch": 69.873046875, 
                "LHipPitch": 65.830078125, 
                "LHipYaw": -1.318359375, 
                "LHipRoll": -0.439453125, 
                "RHipRoll": 0.791015625, 
                "LAnkleRoll": -0.966796875, 
		"RElbow": -84.463, 
                "RElbowRoll": 0.0, 
                "RHand": 0.0, 
                "RHipPitch": -67.763671875,
                "RShoulderPitch": -0.615, 
                "RShoulderRoll": -29.707
            }
	},
        {
            "duration": 1.0, 
            "pause": 0.0, 
            "goals": {
                "LKnee": -129.814453125, 
                "RHipYaw": -0.439453125, 
                "LAnklePitch": -71.015625, 
		"LElbow": 84.375, 
                "LElbowRoll": 0.0, 
                "LHand": 0.0, 
                "RKnee": 128.759765625, 
                "RAnkleRoll": 2.548828125, 
		"LShoulderPitch": -40.0, 
                "LShoulderRoll": 29.883, 
                "RAnklePitch": 69.873046875, 
                "LHipPitch": 65.830078125, 
                "LHipYaw": -1.318359375, 
                "LHipRoll": -0.439453125, 
                "RHipRoll": 0.791015625, 
                "LAnkleRoll": -0.966796875, 
		"RElbow": -84.463, 
                "RElbowRoll": 0.0, 
                "RHand": 0.0, 
                "RHipPitch": -67.763671875,
                "RShoulderPitch": 40.0, 
                "RShoulderRoll": -29.707
            }
        },
        {
            "duration": 1.0,  
            "goals": {
                "LKnee": -129.814453125, 
                "RHipYaw": -0.439453125, 
                "LAnklePitch": -71.015625, 
		"LElbow": 84.375, 
                "LElbowRoll": 0.0, 
                "LHand": 0.0, 
                "RKnee": 128.759765625, 
                "RAnkleRoll": 2.548828125, 
		"LShoulderPitch": 0.527, 
                "LShoulderRoll": 29.883, 
                "RAnklePitch": 69.873046875, 
                "LHipPitch": 65.830078125, 
                "LHipYaw": -1.318359375, 
                "LHipRoll": -0.439453125, 
                "RHipRoll": 0.791015625, 
                "LAnkleRoll": -0.966796875, 
		"RElbow": -84.463, 
                "RElbowRoll": 0.0, 
                "RHand": 0.0, 
                "RHipPitch": -67.763671875,
                "RShoulderPitch": -0.615, 
                "RShoulderRoll": -29.707
            },
	    "pause": 0.0
	}
    ],
    "version": 6
}
