{
    "name": "/tmp/backup.json",
    "keyframes": [

    {"duration": 1, "pause": 0.0, "goals": {"LShoulderPitch": 36.03515625, "LShoulderRoll": 16.962890625, "RShoulderRoll": -16.5234375, "LKnee": -130.341796875, "RHipYaw": 0.0, "LAnklePitch": -74.267578125, "RKnee": 129.462890625, "HeadTilt": -40.0, "RAnklePitch": 68.90625, "LHipPitch": 52.470703125, "LHipYaw": -4.04296875, "LHipRoll": 0.87890625, "RAnkleRoll": -5.888671875, "LAnkleRoll": 2.021484375, "LElbow": -26.455078125, "RHipRoll": -4.74609375, "RHipPitch": -59.677734375, "HeadPan": 0.087890625, "RElbow": 26.19140625, "RShoulderPitch": -43.505859375}},
    {"duration": 1, "pause": 0.0, "goals": {"LShoulderPitch": 86.396484375, "LShoulderRoll": -76.728515625, "RShoulderRoll": 71.630859375, "HeadTilt": 0.0, "LKnee": -127.6171875, "RHipYaw": -0.966796875, "LAnklePitch": -79.62890625, "RKnee": 126.474609375, "RAnkleRoll": -2.373046875, "RAnklePitch": 76.640625, "LHipPitch": 79.013671875, "LHipYaw": 1.58203125, "LHipRoll": -1.494140625, "RHipRoll": -3.427734375, "LAnkleRoll": -0.615234375, "LElbow": 78.662109375, "RElbow": -93.251953125, "RHipPitch": -84.19921875, "HeadPan": -0.263671875, "RShoulderPitch": -87.71484375}}]

}
