{"name": "goalie_right2.json", "keyframes":
    [{"duration": 1, "pause": 0.0, "goals": {"LShoulderPitch": 36.03515625, "LShoulderRoll": 17.490234375, "RShoulderRoll": -17.666015625, "LKnee": -130.25390625, "RHipYaw": -0.52734375, "LAnklePitch": -73.740234375, "RKnee": 129.375, "HeadTilt": -40.0, "RAnklePitch": 68.37890625, "LHipPitch": 52.119140625, "LHipYaw": -2.98828125, "LHipRoll": 1.142578125, "RAnkleRoll": -4.833984375, "LAnkleRoll": 2.63671875, "LElbow": -26.89453125, "RHipRoll": -4.21875, "RHipPitch": -59.23828125, "HeadPan": -0.3515625, "RElbow": 26.015625, "RShoulderPitch": -43.41796875}},

    {"duration": 0.1, "pause": 0.0, "goals": {"LShoulderPitch": 28.212890625, "LShoulderRoll": 17.490234375, "RShoulderRoll": -21.4453125, "LKnee": -130.25390625, "RHipYaw": 0.087890625, "LAnklePitch": -73.388671875, "RKnee": 128.759765625, "HeadTilt": -40.0, "RAnklePitch": 70.927734375, "LHipPitch": 66.181640625, "LHipYaw": 0.966796875, "LHipRoll": -0.615234375, "RAnkleRoll": -3.955078125, "LAnkleRoll": 1.494140625, "LElbow": -26.015625, "RHipRoll": -4.130859375, "RHipPitch": -69.43359375, "HeadPan": 0.0, "RElbow": -91.494140625, "RShoulderPitch": -170.419921875}},

    {"duration": 0.1, "pause": 0.0, "goals": {"LShoulderPitch": 0.087890625, "LShoulderRoll": 26.279296875, "RShoulderRoll": -38.3203125, "HeadTilt": -40.0, "LKnee": -16.875, "RHipYaw": 0.966796875, "LAnklePitch": -3.427734375, "RKnee": 129.7265625, "RAnkleRoll": 4.130859375, "RAnklePitch": 64.951171875, "LHipPitch": 7.91015625, "LHipYaw": -24.873046875, "LHipRoll": 0.0, "RHipRoll": -8.96484375, "LAnkleRoll": -29.443359375, "LElbow": 58.271484375, "RElbow": -92.197265625, "RHipPitch": -66.62109375, "HeadPan": -0.52734375, "RShoulderPitch": -176.396484375}}]
}
