{
    "author": "Unknown", 
    "description": "vorherige Animation: hambot_bend_forward.json; vom vorgebeugten Zustand in den hockenden Zustand",
    "hostname": "goal", 
    "keyframes": [
        {
            "duration": 1, 
            "goals": {
                "BellyPitch": 58.271484375, 
                "BellyRoll": -0.439453125, 
                "HeadPan": -0.263671875, 
                "HeadTilt": 0.52734375, 
                "LAnklePitch": -87.71484375, 
                "LAnkleRoll": 1.318359375, 
                "LElbow": -0.3515625, 
                "LElbowRoll": 0.0, 
                "LHand": 0.0, 
                "LHipPitch": 47.197265625, 
                "LHipRoll": -0.17578125, 
                "LHipYaw": 0.3515625, 
                "LKnee": -144.84375, 
                "LShoulderPitch": -47.4609375, 
                "LShoulderRoll": 31.376953125, 
                "LShoulderYaw": 0.0, 
                "LToe": -18.80859375, 
                "RAnklePitch": 88.154296875, 
                "RAnkleRoll": -2.548828125, 
                "RElbow": -0.791015625, 
                "RElbowRoll": 0.0, 
                "RHand": 0.0, 
                "RHipPitch": -45.3515625, 
                "RHipRoll": 0.3515625, 
                "RHipYaw": -0.615234375, 
                "RKnee": 142.470703125, 
                "RShoulderPitch": 44.47265625, 
                "RShoulderRoll": -36.298828125, 
                "RShoulderYaw": 0.0, 
                "RToe": 31.552734375
            }, 
            "pause": 0.0
        }, 
        {
            "duration": "1.000", 
            "goals": {
                "BellyPitch": 17.402, 
                "BellyRoll": 0.264, 
                "HeadPan": -0.527, 
                "HeadTilt": 0.527, 
                "LAnklePitch": -86.66, 
                "LAnkleRoll": 1.758, 
                "LElbow": 9.229, 
                "LElbowRoll": 0.0, 
                "LHand": 0.0, 
                "LHipPitch": 43.33, 
                "LHipRoll": 0.0, 
                "LHipYaw": -0.352, 
                "LKnee": -143.438, 
                "LShoulderPitch": 2.9, 
                "LShoulderRoll": 27.539, 
                "LShoulderYaw": 0.0, 
                "LToe": -14.59, 
                "RAnklePitch": 91.143, 
                "RAnkleRoll": -2.637, 
                "RElbow": -0.264, 
                "RElbowRoll": 0.0, 
                "RHand": 0.0, 
                "RHipPitch": -42.363, 
                "RHipRoll": -0.264, 
                "RHipYaw": 2.549, 
                "RKnee": 143.525, 
                "RShoulderPitch": -0.088, 
                "RShoulderRoll": -30.527, 
                "RShoulderYaw": 0.0, 
                "RToe": 28.564
            }, 
            "p": {}, 
            "pause": "0.000"
        }
    ], 
    "last_edited": "2015-08-05 10:40:27.602208", 
    "name": "hambot_squatted", 
    "version": 70
}
