{
    "author": "Unknown", 
    "description": "Vom auf dem Bauch liegenden Zustand in den vorgebeugten Zustand",
    "hostname": "goal", 
    "keyframes": [
        {
            "duration": 1, 
            "goals": {
                "BellyPitch": -3.076171875, 
                "BellyRoll": -0.17578125, 
                "HeadPan": -0.52734375, 
                "HeadTilt": -0.615234375, 
                "LAnklePitch": 0.17578125, 
                "LAnkleRoll": -0.087890625, 
                "LElbow": -7.91015625, 
                "LElbowRoll": 0.0, 
                "LHand": 0.0, 
                "LHipPitch": -0.615234375, 
                "LHipRoll": 0.3515625, 
                "LHipYaw": -1.494140625, 
                "LKnee": -1.7578125, 
                "LShoulderPitch": -1.93359375, 
                "LShoulderRoll": 25.576171875, 
                "LShoulderYaw": 0.0, 
                "LToe": -0.439453125, 
                "RAnklePitch": -0.615234375, 
                "RAnkleRoll": 0.17578125, 
                "RElbow": 7.294921875, 
                "RElbowRoll": 0.0, 
                "RHand": 0.0, 
                "RHipPitch": -0.3515625, 
                "RHipRoll": -0.17578125, 
                "RHipYaw": 0.52734375, 
                "RKnee": 1.669921875, 
                "RShoulderPitch": 1.494140625, 
                "RShoulderRoll": -25.224609375, 
                "RShoulderYaw": 0.0, 
                "RToe": -0.087890625
            }, 
            "pause": 0.0
        }, 
        {
            "duration": 1, 
            "goals": {
                "BellyPitch": -3.69140625, 
                "BellyRoll": -0.439453125, 
                "HeadPan": -0.52734375, 
                "HeadTilt": -0.615234375, 
                "LAnklePitch": 0.615234375, 
                "LAnkleRoll": -0.263671875, 
                "LElbow": -8.173828125, 
                "LElbowRoll": 0.0, 
                "LHand": 0.0, 
                "LHipPitch": -1.58203125, 
                "LHipRoll": 0.263671875, 
                "LHipYaw": -2.8125, 
                "LKnee": -1.845703125, 
                "LShoulderPitch": -1.23046875, 
                "LShoulderRoll": -46.58203125, 
                "LShoulderYaw": 0.0, 
                "LToe": -0.52734375, 
                "RAnklePitch": -0.3515625, 
                "RAnkleRoll": 0.087890625, 
                "RElbow": 7.294921875, 
                "RElbowRoll": 0.0, 
                "RHand": 0.0, 
                "RHipPitch": 0.615234375, 
                "RHipRoll": 0.3515625, 
                "RHipYaw": 1.40625, 
                "RKnee": 1.7578125, 
                "RShoulderPitch": -0.439453125, 
                "RShoulderRoll": 38.056640625, 
                "RShoulderYaw": 0.0, 
                "RToe": 0.087890625
            }, 
            "pause": 0.0
        }, 
        {
            "duration": 1, 
            "goals": {
                "BellyPitch": -3.779296875, 
                "BellyRoll": -0.52734375, 
                "HeadPan": -0.52734375, 
                "HeadTilt": -0.615234375, 
                "LAnklePitch": 0.439453125, 
                "LAnkleRoll": -0.087890625, 
                "LElbow": -7.91015625, 
                "LElbowRoll": 0.0, 
                "LHand": 0.0, 
                "LHipPitch": -1.7578125, 
                "LHipRoll": 0.3515625, 
                "LHipYaw": -3.427734375, 
                "LKnee": -1.845703125, 
                "LShoulderPitch": -173.056640625, 
                "LShoulderRoll": -44.560546875, 
                "LShoulderYaw": 0.0, 
                "LToe": -0.17578125, 
                "RAnklePitch": -0.263671875, 
                "RAnkleRoll": 0.0, 
                "RElbow": 7.294921875, 
                "RElbowRoll": 0.0, 
                "RHand": 0.0, 
                "RHipPitch": 0.615234375, 
                "RHipRoll": 0.3515625, 
                "RHipYaw": 1.845703125, 
                "RKnee": 1.7578125, 
                "RShoulderPitch": 176.044921875, 
                "RShoulderRoll": 43.76953125, 
                "RShoulderYaw": 0.0, 
                "RToe": -0.703125
            }, 
            "pause": 0.0
        }, 
        {
            "duration": 1, 
            "goals": {
                "BellyPitch": -3.69140625, 
                "BellyRoll": -0.087890625, 
                "HeadPan": -0.52734375, 
                "HeadTilt": -0.615234375, 
                "LAnklePitch": 0.966796875, 
                "LAnkleRoll": -0.263671875, 
                "LElbow": 88.06640625, 
                "LElbowRoll": 0.0, 
                "LHand": 0.0, 
                "LHipPitch": -1.845703125, 
                "LHipRoll": -0.263671875, 
                "LHipYaw": -3.955078125, 
                "LKnee": -1.93359375, 
                "LShoulderPitch": -172.96875, 
                "LShoulderRoll": -42.71484375, 
                "LShoulderYaw": 0.0, 
                "LToe": -0.966796875, 
                "RAnklePitch": -0.263671875, 
                "RAnkleRoll": -0.17578125, 
                "RElbow": -88.857421875, 
                "RElbowRoll": 0.0, 
                "RHand": 0.0, 
                "RHipPitch": 0.791015625, 
                "RHipRoll": -0.52734375, 
                "RHipYaw": 2.021484375, 
                "RKnee": 1.7578125, 
                "RShoulderPitch": 174.814453125, 
                "RShoulderRoll": 42.1875, 
                "RShoulderYaw": 0.0, 
                "RToe": -0.791015625
            }, 
            "pause": 0.0
        }, 
        {
            "duration": "1.000", 
            "goals": {
                "BellyPitch": -3.691, 
                "BellyRoll": -0.176, 
                "HeadPan": -0.527, 
                "HeadTilt": -0.615, 
                "LAnklePitch": 0.967, 
                "LAnkleRoll": -0.264, 
                "LElbow": 88.066, 
                "LElbowRoll": 0.0, 
                "LHand": 0.0, 
                "LHipPitch": -1.846, 
                "LHipRoll": -0.264, 
                "LHipYaw": -3.955, 
                "LKnee": -1.934, 
                "LShoulderPitch": -173.32, 
                "LShoulderRoll": 47.461, 
                "LShoulderYaw": 0.0, 
                "LToe": -0.967, 
                "RAnklePitch": -0.176, 
                "RAnkleRoll": -0.264, 
                "RElbow": -88.682, 
                "RElbowRoll": 0.0, 
                "RHand": 0.0, 
                "RHipPitch": 0.791, 
                "RHipRoll": -0.527, 
                "RHipYaw": 2.285, 
                "RKnee": 1.758, 
                "RShoulderPitch": 173.848, 
                "RShoulderRoll": -53.174, 
                "RShoulderYaw": 0.0, 
                "RToe": -0.879
            }, 
            "p": {}, 
            "pause": "0.000"
        }, 
        {
            "duration": "1.000", 
            "goals": {
                "BellyPitch": 22.324, 
                "BellyRoll": -0.176, 
                "HeadPan": -0.527, 
                "HeadTilt": 0.615, 
                "LAnklePitch": -15.117, 
                "LAnkleRoll": -0.176, 
                "LElbow": -9.141, 
                "LElbowRoll": 0.0, 
                "LHand": 0.0, 
                "LHipPitch": -74.18, 
                "LHipRoll": 0.527, 
                "LHipYaw": -5.01, 
                "LKnee": -29.355, 
                "LShoulderPitch": -62.0, 
                "LShoulderRoll": 50.0, 
                "LShoulderYaw": 0.0, 
                "LToe": 0.439, 
                "RAnklePitch": 10.723, 
                "RAnkleRoll": -0.967, 
                "RElbow": 9.316, 
                "RElbowRoll": 0.0, 
                "RHand": 0.0, 
                "RHipPitch": 72.861, 
                "RHipRoll": 1.318, 
                "RHipYaw": -1.406, 
                "RKnee": 27.51, 
                "RShoulderPitch": 64.0, 
                "RShoulderRoll": -52.0, 
                "RShoulderYaw": 0.0, 
                "RToe": -0.791
            },