{ 
"name": "aufstehn_left",
    "discription": "Wenn der Robotor auf der Linken seite liegt, macht diese Animation, dass er auf den Bauch fällt um aufzustehen",
    "hands": "Ignore",
"keyframes": [{"duration": 1, "pause": 0.0, "goals": {"LShoulderPitch": 171.38671875, "LShoulderRoll": 36.2109375, "RShoulderRoll": -24.9609375, "LKnee": -130.78125, "RHipYaw": 0.966796875, "LAnklePitch": -71.89453125, "RKnee": 4.74609375, "HeadTilt": -39.0, "RAnklePitch": 6.416015625, "LHipPitch": 57.65625, "LHipYaw": -1.23046875, "LHipRoll": 11.337890625, "RAnkleRoll": 43.330078125, "LAnkleRoll": -2.900390625, "LElbow": 91.318359375, "RHipRoll": 0.966796875, "RHipPitch": -8.876953125, "HeadPan": 0.439453125, "RElbow": -88.681640625, "RShoulderPitch": 20.126953125}}, {"duration": 1, "pause": 0.0, "goals": {"LShoulderPitch": 104.677734375, "LShoulderRoll": 41.30859375, "RShoulderRoll": -24.9609375, "LKnee": -130.078125, "RHipYaw": 1.845703125, "LAnklePitch": -71.19140625, "RKnee": 4.482421875, "HeadTilt": -39.0, "RAnklePitch": 6.416015625, "LHipPitch": 56.07421875, "LHipYaw": 0.791015625, "LHipRoll": 13.271484375, "RAnkleRoll": 43.2421875, "LAnkleRoll": -4.306640625, "LElbow": 73.212890625, "RHipRoll": 2.4609375, "RHipPitch": -7.646484375, "HeadPan": 0.3515625, "RElbow": -88.681640625, "RShoulderPitch": 19.951171875}}, {"duration": 1, "pause": 0.0, "goals": {"LShoulderPitch": 42.71484375, "LShoulderRoll": 37.529296875, "RShoulderRoll": -25.83984375, "HeadTilt": -40.0, "LKnee": -128.84765625, "RHipYaw": 1.7578125, "LAnklePitch": -70.400390625, "RKnee": -0.263671875, "RAnkleRoll": 43.505859375, "RAnklePitch": 6.240234375, "LHipPitch": 48.427734375, "LHipYaw": 6.591796875, "LHipRoll": 13.798828125, "RHipRoll": 2.8125, "LAnkleRoll": -3.076171875, "LElbow": 7.55859375, "RElbow": -88.330078125, "RHipPitch": -11.162109375, "HeadPan": 0.17578125, "RShoulderPitch": 19.951171875}}]}
