{
    "keyframes": [
        {
            "duration": 1,
            "goals": {
                "HeadPan": -35.33203125,
                "HeadTilt": -10.0,
                "LAnklePitch": 26.54296875,
                "LAnkleRoll": -11.513671875,
                "LElbow": 90.087890625,
                "LHipPitch": 2.197265625,
                "LHipRoll": 1.142578125,
                "LHipYaw": 5.44921875,
                "LKnee": -0.17578125,
                "LShoulderPitch": -91.494140625,
                "LShoulderRoll": 51.591796875,
                "RAnklePitch": -19.423828125,
                "RAnkleRoll": 3.076171875,
                "RElbow": -67.67578125,
                "RHipPitch": -33.662109375,
                "RHipRoll": 50.80078125,
                "RHipYaw": 3.69140625,
                "RKnee": 101.42578125,
                "RShoulderPitch": -85.4296875,
                "RShoulderRoll": 32.080078125
            },
            "pause": 0.0
        },
        {
            "duration": 1,
            "goals": {
                "HeadPan": -35.33203125,
                "HeadTilt": -10.0,
                "LAnklePitch": 26.982421875,
                "LAnkleRoll": -11.689453125,
                "LElbow": 90.087890625,
                "LHipPitch": 4.658203125,
                "LHipRoll": 2.373046875,
                "LHipYaw": 3.8671875,
                "LKnee": 0.87890625,
                "LShoulderPitch": -91.58203125,
                "LShoulderRoll": 51.15234375,
                "RAnklePitch": -46.142578125,
                "RAnkleRoll": 16.611328125,
                "RElbow": -67.67578125,
                "RHipPitch": 27.685546875,
                "RHipRoll": 51.240234375,
                "RHipYaw": 22.060546875,
                "RKnee": 33.3984375,
                "RShoulderPitch": -85.60546875,
                "RShoulderRoll": -39.111328125
            },
            "pause": 0.0
        },
        {
            "duration": 1,
            "goals": {
                "HeadPan": -35.595703125,
                "HeadTilt": -10.0,
                "LAnklePitch": 3.515625,
                "LAnkleRoll": -29.970703125,
                "LElbow": 89.47265625,
                "LHipPitch": -28.740234375,
                "LHipRoll": 2.548828125,
                "LHipYaw": 4.306640625,
                "LKnee": -80.947265625,
                "LShoulderPitch": -90.791015625,
                "LShoulderRoll": 50.185546875,
                "RAnklePitch": -36.2109375,
                "RAnkleRoll": 6.328125,
                "RElbow": -66.533203125,
                "RHipPitch": -87.5390625,
                "RHipRoll": 1.7578125,
                "RHipYaw": -22.67578125,
                "RKnee": -3.1640625,
                "RShoulderPitch": -84.287109375,
                "RShoulderRoll": -39.19921875
            },
            "pause": 0.0
        },
        {
            "duration": 1,
            "goals": {
                "HeadPan": -34.8046875,
                "HeadTilt": -10.0,
                "LAnklePitch": 3.515625,
                "LAnkleRoll": -28.30078125,
                "LElbow": 89.47265625,
                "LHipPitch": -27.509765625,
                "LHipRoll": 4.482421875,
                "LHipYaw": 1.669921875,
                "LKnee": -79.892578125,
                "LShoulderPitch": -93.603515625,
                "LShoulderRoll": 47.4609375,
                "RAnklePitch": -35.419921875,
                "RAnkleRoll": 5.44921875,
                "RElbow": -83.408203125,
                "RHipPitch": -85.517578125,
                "RHipRoll": 0.263671875,
                "RHipYaw": -22.8515625,
                "RKnee": -1.845703125,
                "RShoulderPitch": -38.408203125,
                "RShoulderRoll": -0.791015625
            },
            "pause": 0.0
        },
        {
            "duration": 1,
            "goals": {
                "HeadPan": -34.716796875,
                "HeadTilt": -10.0,
                "LAnklePitch": 3.427734375,
                "LAnkleRoll": -28.4765625,
                "LElbow": 45.17578125,
                "LHipPitch": -27.0703125,
                "LHipRoll": 4.74609375,
                "LHipYaw": 1.23046875,
                "LKnee": -80.595703125,
                "LShoulderPitch": -159.43359375,
                "LShoulderRoll": 36.650390625,
                "RAnklePitch": -43.2421875,
                "RAnkleRoll": 5.625,
                "RElbow": -39.287109375,
                "RHipPitch": -77.431640625,
                "RHipRoll": 9.052734375,
                "RHipYaw": 40.78125,
                "RKnee": -1.845703125,
                "RShoulderPitch": 149.326171875,
                "RShoulderRoll": -32.080078125
            },
            "pause": 0.0
        },
        {
            "duration": 1,
            "goals": {
                "HeadPan": -34.541015625,
                "HeadTilt": -10.0,
                "LAnklePitch": 25.13671875,
                "LAnkleRoll": -28.125,
                "LElbow": 45.87890625,
                "LHipPitch": -17.578125,
                "LHipRoll": -5.185546875,
                "LHipYaw": 23.37890625,
                "LKnee": 1.669921875,
                "LShoulderPitch": -158.466796875,
                "LShoulderRoll": 36.474609375,
                "RAnklePitch": -35.15625,
                "RAnkleRoll": 2.373046875,
                "RElbow": -39.814453125,
                "RHipPitch": 7.55859375,
                "RHipRoll": 5.009765625,
                "RHipYaw": -4.482421875,
                "RKnee": 0.87890625,
                "RShoulderPitch": 150.29296875,
                "RShoulderRoll": -32.783203125
            },
            "pause": 0.0
            }
    ],
    "name": "/tmp/backup.json"
}
