{
    "keyframes": [
        {
            "duration": 1,
            "goals": {
                "HeadPan": -1.58203125,
                "HeadTilt": -65.0,
                "LAnklePitch": -36.474609375,
                "LAnkleRoll": -1.23046875,
                "LElbow": -28.388671875,
                "LHipPitch": 9.31640625,
                "LHipRoll": -0.17578125,
                "LHipYaw": 0.17578125,
                "LKnee": -42.36328125,
                "LShoulderPitch": 39.990234375,
                "LShoulderRoll": 17.578125,
                "RAnklePitch": 27.24609375,
                "RAnkleRoll": -2.4609375,
                "RElbow": 28.125,
                "RHipPitch": -34.716796875,
                "RHipRoll": -1.40625,
                "RHipYaw": 0.791015625,
                "RKnee": 57.744140625,
                "RShoulderPitch": -47.373046875,
                "RShoulderRoll": -17.40234375
            },
            "pause": 0.0
        },
        {
            "duration": 1,
            "goals": {
                "HeadPan": -1.23046875,
                "HeadTilt": -65.0,
                "LAnklePitch": -43.41796875,
                "LAnkleRoll": 1.845703125,
                "LElbow": -27.24609375,
                "LHipPitch": 4.04296875,
                "LHipRoll": -9.755859375,
                "LHipYaw": -1.142578125,
                "LKnee": -50.9765625,
                "LShoulderPitch": 39.990234375,
                "LShoulderRoll": 17.578125,
                "RAnklePitch": -10.986328125,
                "RAnkleRoll": 5.361328125,
                "RElbow": 25.13671875,
                "RHipPitch": -26.54296875,
                "RHipRoll": -6.85546875,
                "RHipYaw": 3.251953125,
                "RKnee": 19.16015625,
                "RShoulderPitch": -42.451171875,
                "RShoulderRoll": -17.9296875
            },
            "pause": 0.0
        },
        {
            "duration": 1,
            "goals": {
                "HeadPan": -1.318359375,
                "HeadTilt": -65.0,
                "LAnklePitch": -78.486328125,
                "LAnkleRoll": -0.703125,
                "LElbow": 71.630859375,
                "LHipPitch": 40.4296875,
                "LHipRoll": -15.99609375,
                "LHipYaw": -0.966796875,
                "LKnee": -125.244140625,
                "LShoulderPitch": -61.259765625,
                "LShoulderRoll": 49.130859375,
                "RAnklePitch": 5.009765625,
                "RAnkleRoll": 15.029296875,
                "RElbow": -70.83984375,
                "RHipPitch": -83.408203125,
                "RHipRoll": -0.263671875,
                "RHipYaw": 6.240234375,
                "RKnee": 100.986328125,
                "RShoulderPitch": 48.955078125,
                "RShoulderRoll": -46.23046875
            },
            "pause": 0.0
        },
        {
            "duration": 1,
            "goals": {
                "HeadPan": -1.318359375,
                "HeadTilt": -65.0,
                "LAnklePitch": -78.57421875,
                "LAnkleRoll": -0.439453125,
                "LElbow": 70.6640625,
                "LHipPitch": 40.4296875,
                "LHipRoll": -17.05078125,
                "LHipYaw": -0.52734375,
                "LKnee": -125.244140625,
                "LShoulderPitch": -59.4140625,
                "LShoulderRoll": 47.197265625,
                "RAnklePitch": 12.041015625,
                "RAnkleRoll": 10.1953125,
                "RElbow": -70.83984375,
                "RHipPitch": -70.400390625,
                "RHipRoll": 1.845703125,
                "RHipYaw": 46.0546875,
                "RKnee": 96.6796875,
                "RShoulderPitch": 44.560546875,
                "RShoulderRoll": -45.791015625
            },
            "pause": 0.0
        },
        {
            "duration": 1,
            "goals": {
                "HeadPan": -0.3515625,
                "HeadTilt": -65.0,
                "LAnklePitch": -77.431640625,
                "LAnkleRoll": -0.52734375,
                "LElbow": 86.1328125,
                "LHipPitch": 82.177734375,
                "LHipRoll": -27.24609375,
                "LHipYaw": 16.259765625,
                "LKnee": -127.265625,
                "LShoulderPitch": -60.29296875,
                "LShoulderRoll": 22.236328125,
                "RAnklePitch": 11.513671875,
                "RAnkleRoll": 12.919921875,
                "RElbow": -76.728515625,
                "RHipPitch": -101.953125,
                "RHipRoll": -16.171875,
                "RHipYaw": 49.74609375,
                "RKnee": 96.240234375,
                "RShoulderPitch": 57.216796875,
                "RShoulderRoll": -56.162109375
            },
            "pause": 0.0
        },
        {
            "duration": 1,
            "goals": {
                "HeadPan": -0.439453125,
                "HeadTilt": -65.0,
                "LAnklePitch": -78.22265625,
                "LAnkleRoll": 0.087890625,
                "LElbow": 77.87109375,
                "LHipPitch": 83.408203125,
                "LHipRoll": -29.00390625,
                "LHipYaw": 15.380859375,
                "LKnee": -127.880859375,
                "LShoulderPitch": -60.732421875,
                "LShoulderRoll": 59.150390625,
                "RAnklePitch": 12.216796875,
                "RAnkleRoll": 12.919921875,
                "RElbow": -68.73046875,
                "RHipPitch": -102.568359375,
                "RHipRoll": -16.435546875,
                "RHipYaw": 50.2734375,
                "RKnee": 95.2734375,
                "RShoulderPitch": 52.3828125,
                "RShoulderRoll": -57.48046875
            },
            "pause": 0.0
        },
        {
            "duration": 1,
            "goals": {
                "HeadPan": -0.3515625,
                "HeadTilt": -65.0,
                "LAnklePitch": -78.57421875,
                "LAnkleRoll": -0.615234375,
                "LElbow": 76.2890625,
                "LHipPitch": 85.693359375,
                "LHipRoll": -28.30078125,
                "LHipYaw": 16.435546875,
                "LKnee": -128.056640625,
                "LShoulderPitch": -61.5234375,
                "LShoulderRoll": 58.447265625,
                "RAnklePitch": -61.611328125,
                "RAnkleRoll": 19.248046875,
                "RElbow": -67.5,
                "RHipPitch": -96.240234375,
                "RHipRoll": -11.6015625,
                "RHipYaw": 30.146484375,
                "RKnee": -2.373046875,
                "RShoulderPitch": 52.734375,
                "RShoulderRoll": -56.953125
            },
            "pause": 0.0
        },
        {
            "duration": 1,
            "goals": {
                "HeadPan": -0.3515625,
                "HeadTilt": -65.0,
                "LAnklePitch": -74.70703125,
                "LAnkleRoll": -7.822265625,
                "LElbow": 75.05859375,
                "LHipPitch": 101.953125,
                "LHipRoll": -14.150390625,
                "LHipYaw": -9.31640625,
                "LKnee": -131.396484375,
                "LShoulderPitch": -61.875,
                "LShoulderRoll": 58.623046875,
                "RAnklePitch": -62.40234375,
                "RAnkleRoll": 18.6328125,
                "RElbow": -66.533203125,
                "RHipPitch": -97.822265625,
                "RHipRoll": -11.513671875,
                "RHipYaw": 31.728515625,
                "RKnee": -2.4609375,
                "RShoulderPitch": 52.998046875,
                "RShoulderRoll": -56.689453125
            },
            "pause": 0.0
        },
        {
            "duration": 1,
            "goals": {
                "HeadPan": -0.263671875,
                "HeadTilt": -65.0,
                "LAnklePitch": -65.0390625,
                "LAnkleRoll": -19.51171875,
                "LElbow": 74.267578125,
                "LHipPitch": 100.458984375,