{
    "default_interpolator": "CatmullRomInterpolator",
    "name": "gruss4",
    "discription": "Bewegt den Arm zum Grüßen",
    "keyframes": [
        {
            "duration": 1.0,
            "pause": 0.0,
            "goals": {
                "LShoulderPitch": -98.7890625,
                "LShoulderRoll": -19.16015625,
                "RShoulderRoll": 11.337890625,
                "HeadTilt": -35.0,
                "LKnee": -14.765625,
                "RHipYaw": -0.087890625,
                "LAnklePitch": -10.37109375,
                "RKnee": 14.501953125,
                "RAnkleRoll": -0.087890625,
                "RAnklePitch": 10.107421875,
                "LHipPitch": 2.8125,
                "LHipYaw": -0.087890625,
                "LHipRoll": -0.087890625,
                "RHipRoll": -0.087890625,
                "LAnkleRoll": -0.087890625,
                "LElbow": 91.58203125,
                "RElbow": -92.63671875,
                "RHipPitch": -3.33984375,
                "HeadPan": -0.087890625,
                "RShoulderPitch": 97.998046875
            }
        },
        {
            "duration": 1.0,
            "pause": 0.0,
            "goals": {
                "LShoulderPitch": -84.111328125,
                "LShoulderRoll": -66.62109375,
                "RShoulderRoll": 66.97265625,
                "HeadTilt": -14.150390625,
                "LKnee": -20.56640625,
                "RHipYaw": -0.087890625,
                "LAnklePitch": -24.9609375,
                "RKnee": 20.390625,
                "RAnkleRoll": -0.087890625,
                "RAnklePitch": 24.78515625,
                "LHipPitch": -26.455078125,
                "LHipYaw": -0.087890625,
                "LHipRoll": -0.087890625,
                "RHipRoll": -0.087890625,
                "LAnkleRoll": -0.087890625,
                "LElbow": 91.58203125,
                "RElbow": -63.369140625,
                "RHipPitch": 28.916015625,
                "HeadPan": -0.087890625,
                "RShoulderPitch": 112.67578125
            }
        },
        {
            "duration": 1.0,
            "pause": 0.0,
            "goals": {
                "LShoulderPitch": -84.111328125,
                "LShoulderRoll": -19.16015625,
                "RShoulderRoll": 11.337890625,
                "HeadTilt": -20.0,
                "LKnee": -20.56640625,
                "RHipYaw": -0.087890625,
                "LAnklePitch": -4.482421875,
                "RKnee": 20.390625,
                "RAnkleRoll": -0.087890625,
                "RAnklePitch": 4.306640625,
                "LHipPitch": 32.080078125,
                "LHipYaw": -0.087890625,
                "LHipRoll": -0.087890625,
                "RHipRoll": -0.087890625,
                "LAnkleRoll": -0.087890625,
                "LElbow": 91.58203125,
                "RElbow": -63.369140625,
                "RHipPitch": -29.70703125,
                "HeadPan": -0.087890625,
                "RShoulderPitch": 112.67578125
            }
        },
        {
            "duration": 1.0,
            "pause": 0.0,
            "goals": {
                "LShoulderPitch": -113.466796875,
                "LShoulderRoll": -66.62109375,
                "RShoulderRoll": 66.97265625,
                "HeadTilt": -14.150390625,
                "LKnee": -20.56640625,
                "RHipYaw": -0.087890625,
                "LAnklePitch": -24.9609375,
                "RKnee": 20.390625,
                "RAnkleRoll": -0.087890625,
                "RAnklePitch": 24.78515625,
                "LHipPitch": -26.455078125,
                "LHipYaw": -0.087890625,
                "LHipRoll": -0.087890625,
                "RHipRoll": -0.087890625,
                "LAnkleRoll": -0.087890625,
                "LElbow": 62.314453125,
                "RElbow": -92.63671875,
                "RHipPitch": 28.916015625,
                "HeadPan": -0.087890625,
                "RShoulderPitch": 83.3203125
            }
        },
        {
            "duration": 1.0,
            "pause": 0.0,
            "goals": {
                "LShoulderPitch": -113.466796875,
                "LShoulderRoll": -19.16015625,
                "RShoulderRoll": 11.337890625,
                "HeadTilt": -20.0,
                "LKnee": -20.56640625,
                "RHipYaw": -0.087890625,
                "LAnklePitch": -1.58203125,
                "RKnee": 20.390625,
                "RAnkleRoll": -0.087890625,
                "RAnklePitch": 1.318359375,
                "LHipPitch": 32.080078125,
                "LHipYaw": -0.087890625,
                "LHipRoll": -0.087890625,
                "RHipRoll": -0.087890625,
                "LAnkleRoll": -0.087890625,
                "LElbow": 62.314453125,
                "RElbow": -92.63671875,
                "RHipPitch": -29.70703125,
                "HeadPan": -0.087890625,
                "RShoulderPitch": 83.3203125
            }
        },
        {
            "duration": 1.0,
            "pause": 0.0,
            "goals": {
                "LShoulderPitch": 49.39453125,
                "LShoulderRoll": 25.927734375,
                "RShoulderRoll": -26.455078125,
                "HeadTilt": -35.0,
                "LKnee": -0.087890625,
                "RHipYaw": -0.087890625,
                "LAnklePitch": -1.58203125,
                "RKnee": -0.087890625,
                "RAnkleRoll": -0.087890625,
                "RAnklePitch": 1.318359375,
                "LHipPitch": 2.8125,
                "LHipYaw": -0.087890625,
                "LHipRoll": -0.087890625,
                "RHipRoll": -0.087890625,
                "LAnkleRoll": -0.087890625,
                "LElbow": -9.140625,
                "RElbow": 8.701171875,
                "RHipPitch": -3.076171875,
                "HeadPan": -0.087890625,
                "RShoulderPitch": -49.921875
            }
        }
    ]
}
