{
    "default_interpolator": "CatmullRomInterpolator",
    "name": "GrussHaendeErhoben",
    "discription": "Grüßt mit beiden Händen erhoben",
    "keyframes": [
        {
            "duration": 0.8,
            "pause": 0.0,
            "goals": {
                "LShoulderPitch": -135.087890625,
                "LShoulderRoll": 56.689453125,
                "RShoulderRoll": -60.99609375,
                "HeadTilt": -20.0,
                "LKnee": -0.087890625,
                "RHipYaw": -0.087890625,
                "LAnklePitch": -1.58203125,
                "RKnee": -0.087890625,
                "RAnkleRoll": -0.087890625,
                "RAnklePitch": 1.318359375,
                "LHipPitch": -3.076171875,
                "LHipYaw": -0.087890625,
                "LHipRoll": -0.087890625,
                "RHipRoll": -0.087890625,
                "LAnkleRoll": -0.087890625,
                "LElbow": 51.767578125,
                "RElbow": -54.84375,
                "RHipPitch": 2.8125,
                "HeadPan": 8.701171875,
                "RShoulderPitch": 132.01171875
            }
        },
        {
            "duration": 0.8,
            "pause": 0.0,
            "goals": {
                "LShoulderPitch": -135.087890625,
                "LShoulderRoll": 10.986328125,
                "RShoulderRoll": -15.64453125,
                "HeadTilt": -20.0,
                "LKnee": -0.087890625,
                "RHipYaw": -0.087890625,
                "LAnklePitch": -1.58203125,
                "RKnee": -0.087890625,
                "RAnkleRoll": -0.087890625,
                "RAnklePitch": 1.318359375,
                "LHipPitch": -3.076171875,
                "LHipYaw": -0.087890625,
                "LHipRoll": -0.087890625,
                "RHipRoll": -0.087890625,
                "LAnkleRoll": -0.087890625,
                "LElbow": 51.767578125,
                "RElbow": -54.84375,
                "RHipPitch": 2.8125,
                "HeadPan": 5.712890625,
                "RShoulderPitch": 132.01171875
            }
        },
        {
            "duration": 0.8,
            "pause": 0.0,
            "goals": {
                "LShoulderPitch": -135.087890625,
                "LShoulderRoll": 56.689453125,
                "RShoulderRoll": -60.99609375,
                "HeadTilt": -20.0,
                "LKnee": -0.087890625,
                "RHipYaw": -0.087890625,
                "LAnklePitch": -1.58203125,
                "RKnee": -0.087890625,
                "RAnkleRoll": -0.087890625,
                "RAnklePitch": 1.318359375,
                "LHipPitch": -3.076171875,
                "LHipYaw": -0.087890625,
                "LHipRoll": -0.087890625,
                "RHipRoll": -0.087890625,
                "LAnkleRoll": -0.087890625,
                "LElbow": 51.767578125,
                "RElbow": -54.84375,
                "RHipPitch": 2.8125,
                "HeadPan": 2.8125,
                "RShoulderPitch": 132.01171875
            }
        },
        {
            "duration": 0.8,
            "pause": 0.0,
            "goals": {
                "LShoulderPitch": -135.087890625,
                "LShoulderRoll": 10.986328125,
                "RShoulderRoll": -15.64453125,
                "HeadTilt": -20.0,
                "LKnee": -0.087890625,
                "RHipYaw": -0.087890625,
                "LAnklePitch": -1.58203125,
                "RKnee": -0.087890625,
                "RAnkleRoll": -0.087890625,
                "RAnklePitch": 1.318359375,
                "LHipPitch": -3.076171875,
                "LHipYaw": -0.087890625,
                "LHipRoll": -0.087890625,
                "RHipRoll": -0.087890625,
                "LAnkleRoll": -0.087890625,
                "LElbow": 51.767578125,
                "RElbow": -54.84375,
                "RHipPitch": 2.8125,
                "HeadPan": -0.087890625,
                "RShoulderPitch": 132.01171875
            }
        },
        {
            "duration": 0.8,
            "pause": 0.0,
            "goals": {
                "LShoulderPitch": -135.087890625,
                "LShoulderRoll": 56.689453125,
                "RShoulderRoll": -60.99609375,
                "HeadTilt": -20.0,
                "LKnee": -0.087890625,
                "RHipYaw": -0.087890625,
                "LAnklePitch": -1.58203125,
                "RKnee": -0.087890625,
                "RAnkleRoll": -0.087890625,
                "RAnklePitch": 1.318359375,
                "LHipPitch": -3.076171875,
                "LHipYaw": -0.087890625,
                "LHipRoll": -0.087890625,
                "RHipRoll": -0.087890625,
                "LAnkleRoll": -0.087890625,
                "LElbow": 51.767578125,
                "RElbow": -54.84375,
                "RHipPitch": 2.8125,
                "HeadPan": -3.076171875,
                "RShoulderPitch": 132.01171875
            }
        },
        {
            "duration": 0.8,
            "pause": 0.0,
            "goals": {
                "LShoulderPitch": -135.087890625,
                "LShoulderRoll": 10.986328125,
                "RShoulderRoll": -15.64453125,
                "HeadTilt": -20.0,
                "LKnee": -0.087890625,
                "RHipYaw": -0.087890625,
                "LAnklePitch": -1.58203125,
                "RKnee": -0.087890625,
                "RAnkleRoll": -0.087890625,
                "RAnklePitch": 1.318359375,
                "LHipPitch": -3.076171875,
                "LHipYaw": -0.087890625,
                "LHipRoll": -0.087890625,
                "RHipRoll": -0.087890625,
                "LAnkleRoll": -0.087890625,
                "LElbow": 51.767578125,
                "RElbow": -54.84375,
                "RHipPitch": 2.8125,
                "HeadPan": -5.9765625,
                "RShoulderPitch": 132.01171875
            }
        },
        {
            "duration": 2.992,
            "pause": 0.0,
            "goals": {
                "LShoulderPitch": 49.39453125,
                "LShoulderRoll": 25.927734375,
                "RShoulderRoll": -26.455078125,
                "HeadTilt": -35.0,
                "LKnee": -0.087890625,
                "RHipYaw": -0.087890625,
                "LAnklePitch": -1.58203125,
                "RKnee": -0.087890625,
                "RAnkleRoll": -0.087890625,
                "RAnklePitch": 1.318359375,
                "LHipPitch": 2.8125,
                "LHipYaw": -0.087890625,
                "LHipRoll": -0.087890625,
                "RHipRoll": -0.087890625,
                "LAnkleRoll": -0.087890625,
                "LElbow": -9.140625,
                "RElbow": 8.701171875,
                "RHipPitch": -3.076171875,
                "HeadPan": -0.087890625,
                "RShoulderPitch": -49.921875
            }
        }
    ]
}
