{
    "default_interpolator": "CatmullRomInterpolator",
    "name": "hi",
"discription": "Nickt zum Grüßen",
    "keyframes": [
        {
            "duration": 0.4,
            "pause": 0.0,
            "goals": {
                "LShoulderPitch": 64.072265625,
                "LShoulderRoll": 20.126953125,
                "RShoulderRoll": -20.56640625,
                "HeadTilt": -35.0,
                "LKnee": -0.087890625,
                "RHipYaw": -0.087890625,
                "LAnklePitch": -1.58203125,
                "RKnee": -0.087890625,
                "RAnkleRoll": -0.087890625,
                "RAnklePitch": 1.318359375,
                "LHipPitch": 2.8125,
                "LHipYaw": -0.087890625,
                "LHipRoll": -0.087890625,
                "RHipRoll": -0.087890625,
                "LAnkleRoll": -0.087890625,
                "LElbow": -32.607421875,
                "RElbow": 32.080078125,
                "RHipPitch": -3.076171875,
                "HeadPan": -0.087890625,
                "RShoulderPitch": -64.51171875
            }
        },
        {
            "duration": 1.0,
            "pause": 0.2,
            "goals": {
                "LShoulderPitch": 64.072265625,
                "LShoulderRoll": 20.126953125,
                "RShoulderRoll": -20.56640625,
                "HeadTilt": -35.0,
                "LKnee": -5.9765625,
                "RHipYaw": -0.087890625,
                "LAnklePitch": -1.58203125,
                "RKnee": 5.712890625,
                "RAnkleRoll": -0.087890625,
                "RAnklePitch": 1.318359375,
                "LHipPitch": 17.138671875,
                "LHipYaw": -0.087890625,
                "LHipRoll": -0.087890625,
                "RHipRoll": -0.087890625,
                "LAnkleRoll": -0.087890625,
                "LElbow": -32.607421875,
                "RElbow": 32.080078125,
                "RHipPitch": -17.666015625,
                "HeadPan": -0.087890625,
                "RShoulderPitch": -64.51171875
            }
        },
        {
            "duration": 1.0,
            "pause": 0.0,
            "goals": {
                "LShoulderPitch": 64.072265625,
                "LShoulderRoll": 20.126953125,
                "RShoulderRoll": -20.56640625,
                "HeadTilt": -35.0,
                "LKnee": -0.087890625,
                "RHipYaw": -0.087890625,
                "LAnklePitch": -1.58203125,
                "RKnee": -0.087890625,
                "RAnkleRoll": -0.087890625,
                "RAnklePitch": 1.318359375,
                "LHipPitch": 2.8125,
                "LHipYaw": -0.087890625,
                "LHipRoll": -0.087890625,
                "RHipRoll": -0.087890625,
                "LAnkleRoll": -0.087890625,
                "LElbow": -32.607421875,
                "RElbow": 32.080078125,
                "RHipPitch": -3.076171875,
                "HeadPan": -0.087890625,
                "RShoulderPitch": -64.51171875
            }
        },
        {
            "duration": 1.0,
            "pause": 0.0,
            "goals": {
                "LShoulderPitch": 49.39453125,
                "LShoulderRoll": 25.927734375,
                "RShoulderRoll": -26.455078125,
                "HeadTilt": -35.0,
                "LKnee": -0.087890625,
                "RHipYaw": -0.087890625,
                "LAnklePitch": -1.58203125,
                "RKnee": -0.087890625,
                "RAnkleRoll": -0.087890625,
                "RAnklePitch": 1.318359375,
                "LHipPitch": 2.8125,
                "LHipYaw": -0.087890625,
                "LHipRoll": -0.087890625,
                "RHipRoll": -0.087890625,
                "LAnkleRoll": -0.087890625,
                "LElbow": -9.140625,
                "RElbow": 8.701171875,
                "RHipPitch": -3.076171875,
                "HeadPan": -0.087890625,
                "RShoulderPitch": -49.921875
            }
        }
    ]
}
