{
    "name" :"getball6",
    "discription": "nimmtDenBallAuf",
    "keyframes": [
        {
            "duration": 1,
            "goals": {
                "HeadPan": 0.3515625,
                "HeadTilt": -40.0,
                "LAnklePitch": 36.2109375,
                "LAnkleRoll": -0.703125,
                "LElbow": 65.126953125,
                "LHipPitch": 96.328125,
                "LHipRoll": -1.7578125,
                "LHipYaw": 1.669921875,
                "LKnee": 2.373046875,
                "LShoulderPitch": -95.2734375,
                "LShoulderRoll": 47.109375,
                "RAnklePitch": -37.177734375,
                "RAnkleRoll": -1.7578125,
                "RElbow": -55.72265625,
                "RHipPitch": -100.01953125,
                "RHipRoll": 6.240234375,
                "RHipYaw": 1.142578125,
                "RKnee": -4.658203125,
                "RShoulderPitch": 92.900390625,
                "RShoulderRoll": -48.33984375
            },
            "pause": 0.0
        },
        {
            "duration": 1,
            "goals": {
                "HeadPan": 0.17578125,
                "HeadTilt": -70.0,
                "LAnklePitch": 24.169921875,
                "LAnkleRoll": -3.515625,
                "LElbow": 84.375,
                "LHipPitch": 96.85546875,
                "LHipRoll": -1.7578125,
                "LHipYaw": -0.87890625,
                "LKnee": 2.197265625,
                "LShoulderPitch": -90.52734375,
                "LShoulderRoll": 36.2109375,
                "RAnklePitch": -24.609375,
                "RAnkleRoll": 0.0,
                "RElbow": -71.19140625,
                "RHipPitch": -100.634765625,
                "RHipRoll": 6.767578125,
                "RHipYaw": -0.263671875,
                "RKnee": -4.74609375,
                "RShoulderPitch": 85.25390625,
                "RShoulderRoll": -42.5390625
            },
            "pause": 0.0
        },
        {
            "duration": 1,
            "goals": {
                "HeadPan": -0.439453125,
                "HeadTilt": -70.0,
                "LAnklePitch": 20.21484375,
                "LAnkleRoll": -2.8125,
                "LElbow": 80.5078125,
                "LHipPitch": 96.943359375,
                "LHipRoll": -1.7578125,
                "LHipYaw": -0.791015625,
                "LKnee": 2.4609375,
                "LShoulderPitch": -93.427734375,
                "LShoulderRoll": 36.5625,
                "RAnklePitch": -19.775390625,
                "RAnkleRoll": 0.703125,
                "RElbow": -55.72265625,
                "RHipPitch": -100.634765625,
                "RHipRoll": 4.5703125,
                "RHipYaw": 0.87890625,
                "RKnee": -4.833984375,
                "RShoulderPitch": 82.353515625,
                "RShoulderRoll": -34.8046875
            },
            "pause": 0.0
        },
        {
            "duration": 1,
            "goals": {
                "HeadPan": -0.3515625,
                "HeadTilt": -70.0,
                "LAnklePitch": 18.28125,
                "LAnkleRoll": -2.98828125,
                "LElbow": 80.419921875,
                "LHipPitch": 96.943359375,
                "LHipRoll": -1.7578125,
                "LHipYaw": -1.23046875,
                "LKnee": 2.548828125,
                "LShoulderPitch": -90.791015625,
                "LShoulderRoll": 48.515625,
                "RAnklePitch": -16.875,
                "RAnkleRoll": 0.791015625,
                "RElbow": -58.623046875,
                "RHipPitch": -100.634765625,
                "RHipRoll": 5.09765625,
                "RHipYaw": 0.966796875,
                "RKnee": -4.833984375,
                "RShoulderPitch": 80.771484375,
                "RShoulderRoll": -42.626953125
            },
            "pause": 0.0
        },
        {
            "duration": 1,
            "goals": {
                "HeadPan": -0.3515625,
                "HeadTilt": -70.0,
                "LAnklePitch": 18.193359375,
                "LAnkleRoll": -2.98828125,
                "LElbow": 79.27734375,
                "LHipPitch": 97.03125,
                "LHipRoll": -1.7578125,
                "LHipYaw": -1.23046875,
                "LKnee": 2.548828125,
                "LShoulderPitch": -78.310546875,
                "LShoulderRoll": 53.61328125,
                "RAnklePitch": -16.875,
                "RAnkleRoll": 0.791015625,
                "RElbow": -72.158203125,
                "RHipPitch": -100.634765625,
                "RHipRoll": 5.009765625,
                "RHipYaw": 0.966796875,
                "RKnee": -4.833984375,
                "RShoulderPitch": 74.53125,
                "RShoulderRoll": -54.404296875
            },
            "pause": 0.0
        },
        {
            "duration": 1,
            "goals": {
                "HeadPan": 0.17578125,
                "HeadTilt": -70.0,
                "LAnklePitch": 20.830078125,
                "LAnkleRoll": -1.494140625,
                "LElbow": 78.75,
                "LHipPitch": 35.419921875,
                "LHipRoll": -3.33984375,
                "LHipYaw": 2.4609375,
                "LKnee": 0.263671875,
                "LShoulderPitch": -76.11328125,
                "LShoulderRoll": 51.240234375,
                "RAnklePitch": -18.720703125,
                "RAnkleRoll": -1.318359375,
                "RElbow": -72.7734375,
                "RHipPitch": -37.08984375,
                "RHipRoll": -4.306640625,
                "RHipYaw": 0.703125,
                "RKnee": -2.373046875,
                "RShoulderPitch": 70.927734375,
                "RShoulderRoll": -52.3828125
            },
            "pause": 0.0
        }
    ]
}
