{
    "keyframes": [
        {
            "duration": 0.5,
            "goals": {
                "HeadPan": -35.33203125,
                "HeadTilt": -10.0,
                "LAnklePitch": 26.54296875,
                "LAnkleRoll": -11.513671875,
                "LElbow": 90.087890625,
                "LHipPitch": 2.197265625,
                "LHipRoll": 1.142578125,
                "LHipYaw": 5.44921875,
                "LKnee": -0.17578125,
                "LShoulderPitch": -91.494140625,
                "LShoulderRoll": 51.591796875,
                "RAnklePitch": -19.423828125,
                "RAnkleRoll": 3.076171875,
                "RElbow": -67.67578125,
                "RHipPitch": -33.662109375,
                "RHipRoll": 50.80078125,
                "RHipYaw": 3.69140625,
                "RKnee": 101.42578125,
                "RShoulderPitch": -85.4296875,
                "RShoulderRoll": 32.080078125
            },
            "pause": 0.0
        },
        {
            "duration": 0.5,
            "goals": {
                "HeadPan": -35.33203125,
                "HeadTilt": -10.0,
                "LAnklePitch": 26.982421875,
                "LAnkleRoll": -11.689453125,
                "LElbow": 90.087890625,
                "LHipPitch": 4.658203125,
                "LHipRoll": 2.373046875,
                "LHipYaw": 3.8671875,
                "LKnee": 0.87890625,
                "LShoulderPitch": -91.58203125,
                "LShoulderRoll": 51.15234375,
                "RAnklePitch": -46.142578125,
                "RAnkleRoll": 16.611328125,
                "RElbow": -67.67578125,
                "RHipPitch": 27.685546875,
                "RHipRoll": 51.240234375,
                "RHipYaw": 22.060546875,
                "RKnee": 33.3984375,
                "RShoulderPitch": -85.60546875,
                "RShoulderRoll": -39.111328125
            },
            "pause": 0.0
        },
        {
            "duration": 0.5,
            "goals": {
                "HeadPan": -34.716796875,
                "HeadTilt": -10.0,
                "LAnklePitch": 11.337890625,
                "LAnkleRoll": -23.994140625,
                "LElbow": 89.384765625,
                "LHipPitch": -16.962890625,
                "LHipRoll": 5.80078125,
                "LHipYaw": 1.318359375,
                "LKnee": -53.701171875,
                "LShoulderPitch": -92.197265625,
                "LShoulderRoll": 50.2734375,
                "RAnklePitch": -39.55078125,
                "RAnkleRoll": 9.84375,
                "RElbow": -66.357421875,
                "RHipPitch": -50.625,
                "RHipRoll": 15.46875,
                "RHipYaw": -9.31640625,
                "RKnee": 8.61328125,
                "RShoulderPitch": -84.55078125,
                "RShoulderRoll": -38.935546875
            },
            "pause": 0.0
        },
        {
            "duration": 0.15,
            "goals": {
                "HeadPan": -34.716796875,
                "HeadTilt": -10.0,
                "LAnklePitch": 11.337890625,
                "LAnkleRoll": -23.994140625,
                "LElbow": 89.384765625,
                "LHipPitch": -16.962890625,
                "LHipRoll": 5.80078125,
                "LHipYaw": 1.318359375,
                "LKnee": -53.701171875,
                "LShoulderPitch": -92.197265625,
                "LShoulderRoll": 50.2734375,
                "RAnklePitch": -39.55078125,
                "RAnkleRoll": 9.84375,
                "RElbow": -83.408203125,
                "RHipPitch": -50.625,
                "RHipRoll": 15.46875,
                "RHipYaw": -9.31640625,
                "RKnee": 8.61328125,
                "RShoulderPitch": -38.408203125,
                "RShoulderRoll": -0.791015625
            },
            "pause": 0.0
        },
        {
            "duration": 0.5,
            "goals": {
                "HeadPan": -34.716796875,
                "HeadTilt": -10.0,
                "LAnklePitch": 3.427734375,
                "LAnkleRoll": -28.4765625,
                "LElbow": 45.17578125,
                "LHipPitch": -27.0703125,
                "LHipRoll": 4.74609375,
                "LHipYaw": 1.23046875,
                "LKnee": -80.595703125,
                "LShoulderPitch": -159.43359375,
                "LShoulderRoll": 36.650390625,
                "RAnklePitch": -43.2421875,
                "RAnkleRoll": 5.625,
                "RElbow": -39.287109375,
                "RHipPitch": -77.431640625,
                "RHipRoll": 9.052734375,
                "RHipYaw": 40.78125,
                "RKnee": -1.845703125,
                "RShoulderPitch": 149.326171875,
                "RShoulderRoll": -32.080078125
            },
            "pause": 0.0
        },
        {
            "duration": 0.5,
            "goals": {
                "HeadPan": -34.541015625,
                "HeadTilt": -10.0,
                "LAnklePitch": 25.13671875,
                "LAnkleRoll": -28.125,
                "LElbow": 45.87890625,
                "LHipPitch": -17.578125,
                "LHipRoll": -5.185546875,
                "LHipYaw": 23.37890625,
                "LKnee": 1.669921875,
                "LShoulderPitch": -158.466796875,
                "LShoulderRoll": 36.474609375,
                "RAnklePitch": -35.15625,
                "RAnkleRoll": 2.373046875,
                "RElbow": -39.814453125,
                "RHipPitch": 7.55859375,
                "RHipRoll": 5.009765625,
                "RHipYaw": -4.482421875,
                "RKnee": 0.87890625,
                "RShoulderPitch": 150.29296875,
                "RShoulderRoll": -32.783203125
            },
            "pause": 0.0
        },
        {
            "duration": 0.5,
            "goals": {
                "HeadPan": -33.662109375,
                "HeadTilt": -15.0,
                "LAnklePitch": -78.134765625,
                "LAnkleRoll": -0.615234375,
                "LElbow": -62.490234375,
                "LHipPitch": 96.15234375,
                "LHipRoll": -2.724609375,
                "LHipYaw": 0.703125,
                "LKnee": -77.255859375,
                "LShoulderPitch": -40.869140625,
                "LShoulderRoll": 37.265625,
                "RAnklePitch": 81.123046875,
                "RAnkleRoll": 0.87890625,
                "RElbow": 66.708984375,
                "RHipPitch": -99.404296875,
                "RHipRoll": -0.439453125,
                "RHipYaw": 1.23046875,
                "RKnee": 79.27734375,
                "RShoulderPitch": 36.03515625,
                "RShoulderRoll": -33.486328125
            },
            "pause": 0.0
        },
        {
            "duration": 0.5,
            "goals": {
                "HeadPan": -33.662109375,
                "HeadTilt": -15.0,
                "LAnklePitch": -77.34375,
                "LAnkleRoll": -0.52734375,
                "LElbow": 95.185546875,
                "LHipPitch": 95.888671875,
                "LHipRoll": -2.28515625,
                "LHipYaw": 0.087890625,
                "LKnee": -128.671875,
                "LShoulderPitch": -75.5859375,
                "LShoulderRoll": 35.68359375,
                "RAnklePitch": 80.595703125,
                "RAnkleRoll": 0.87890625,
                "RElbow": -36.474609375,
                "RHipPitch": -99.4921875,
                "RHipRoll": 0.0,
                "RHipYaw": 1.58203125,
                "RKnee": 130.4296875,
                "RShoulderPitch": 46.142578125,
                "RShoulderRoll": -40.4296875
            },
            "pause": 0.0
        },
        {
            "duration": 0.5,
            "goals": {
                "HeadPan": -33.662109375,
                "HeadTilt": -15.0,
                "LAnklePitch": -77.34375,
                "LAnkleRoll": 0.17578125,
                "LElbow": 95.80078125,
                "LHipPitch": 88.330078125,
                "LHipRoll": 0.615234375,