{
    "default_interpolator": "CatmullRomInterpolator",
    "name": "talk1",
    "keyframes": [
        {
            "duration": 1.0,
            "pause": 0.0,
            "goals": {
                "LShoulderPitch": 22.763671875,
                "LShoulderRoll": 26.279296875,
                "RShoulderRoll": -34.98046875,
                "HeadTilt": -30.0,
                "LKnee": -0.087890625,
                "RHipYaw": -0.087890625,
                "LAnklePitch": -1.58203125,
                "RKnee": -0.439453125,
                "RAnkleRoll": -0.087890625,
                "RAnklePitch": 1.0546875,
                "LHipPitch": 2.548828125,
                "LHipYaw": -0.087890625,
                "LHipRoll": -0.087890625,
                "RHipRoll": -0.087890625,
                "LAnkleRoll": -0.087890625,
                "LElbow": 13.095703125,
                "RElbow": -16.787109375,
                "RHipPitch": -3.076171875,
                "HeadPan": -16.5234375,
                "RShoulderPitch": 38.84765625
            }
        },
        {
            "duration": 1.0,
            "pause": 0.0,
            "goals": {
                "LShoulderPitch": 22.763671875,
                "LShoulderRoll": 26.279296875,
                "RShoulderRoll": -34.98046875,
                "HeadTilt": -40.0,
                "LKnee": -0.087890625,
                "RHipYaw": -0.087890625,
                "LAnklePitch": -1.58203125,
                "RKnee": -0.439453125,
                "RAnkleRoll": -0.087890625,
                "RAnklePitch": 1.0546875,
                "LHipPitch": 2.548828125,
                "LHipYaw": -0.087890625,
                "LHipRoll": -0.087890625,
                "RHipRoll": -0.087890625,
                "LAnkleRoll": -0.087890625,
                "LElbow": 13.095703125,
                "RElbow": -16.787109375,
                "RHipPitch": -3.076171875,
                "HeadPan": -16.5234375,
                "RShoulderPitch": 38.84765625
            }
        },
        {
            "duration": 1.0,
            "pause": 0.2,
            "goals": {
                "LShoulderPitch": 22.763671875,
                "LShoulderRoll": 26.279296875,
                "RShoulderRoll": -34.98046875,
                "HeadTilt": -30.0,
                "LKnee": -0.087890625,
                "RHipYaw": -0.087890625,
                "LAnklePitch": -1.58203125,
                "RKnee": -0.439453125,
                "RAnkleRoll": -0.087890625,
                "RAnklePitch": 1.0546875,
                "LHipPitch": 2.548828125,
                "LHipYaw": -0.087890625,
                "LHipRoll": -0.087890625,
                "RHipRoll": -0.087890625,
                "LAnkleRoll": -0.087890625,
                "LElbow": 13.095703125,
                "RElbow": -16.787109375,
                "RHipPitch": -3.076171875,
                "HeadPan": -16.5234375,
                "RShoulderPitch": 38.84765625
            }
        },
        {
            "duration": 1.0,
            "pause": 0.0,
            "goals": {
                "LShoulderPitch": -6.50390625,
                "LShoulderRoll": 29.443359375,
                "RShoulderRoll": -38.759765625,
                "HeadTilt": -30.0,
                "LKnee": -0.087890625,
                "RHipYaw": -0.087890625,
                "LAnklePitch": -1.58203125,
                "RKnee": -0.439453125,
                "RAnkleRoll": -0.087890625,
                "RAnklePitch": 1.0546875,
                "LHipPitch": 2.548828125,
                "LHipYaw": -0.087890625,
                "LHipRoll": -0.087890625,
                "RHipRoll": -0.087890625,
                "LAnkleRoll": -0.087890625,
                "LElbow": 15.732421875,
                "RElbow": -17.40234375,
                "RHipPitch": -3.076171875,
                "HeadPan": 5.185546875,
                "RShoulderPitch": -17.666015625
            }
        },
        {
            "duration": 1.0,
            "pause": 0.0,
            "goals": {
                "LShoulderPitch": -6.50390625,
                "LShoulderRoll": 29.443359375,
                "RShoulderRoll": -38.759765625,
                "HeadTilt": -40.0,
                "LKnee": -0.087890625,
                "RHipYaw": -0.087890625,
                "LAnklePitch": -1.58203125,
                "RKnee": -0.439453125,
                "RAnkleRoll": -0.087890625,
                "RAnklePitch": 1.0546875,
                "LHipPitch": 2.548828125,
                "LHipYaw": -0.087890625,
                "LHipRoll": -0.087890625,
                "RHipRoll": -0.087890625,
                "LAnkleRoll": -0.087890625,
                "LElbow": 15.732421875,
                "RElbow": -17.40234375,
                "RHipPitch": -3.076171875,
                "HeadPan": 5.185546875,
                "RShoulderPitch": -17.666015625
            }
        },
        {
            "duration": 1.0,
            "pause": 0.2,
            "goals": {
                "LShoulderPitch": -6.50390625,
                "LShoulderRoll": 29.443359375,
                "RShoulderRoll": -38.759765625,
                "HeadTilt": -30.0,
                "LKnee": -0.087890625,
                "RHipYaw": -0.087890625,
                "LAnklePitch": -1.58203125,
                "RKnee": -0.439453125,
                "RAnkleRoll": -0.087890625,
                "RAnklePitch": 1.0546875,
                "LHipPitch": 2.548828125,
                "LHipYaw": -0.087890625,
                "LHipRoll": -0.087890625,
                "RHipRoll": -0.087890625,
                "LAnkleRoll": -0.087890625,
                "LElbow": 15.732421875,
                "RElbow": -17.40234375,
                "RHipPitch": -3.076171875,
                "HeadPan": 5.185546875,
                "RShoulderPitch": -17.666015625
            }
        },
        {
            "duration": 1.0,
            "pause": 0.0,
            "goals": {
                "LShoulderPitch": 49.39453125,
                "LShoulderRoll": 25.927734375,
                "RShoulderRoll": -26.455078125,
                "HeadTilt": -35.0,
                "LKnee": -0.087890625,
                "RHipYaw": -0.087890625,
                "LAnklePitch": -1.58203125,
                "RKnee": -0.087890625,
                "RAnkleRoll": -0.087890625,
                "RAnklePitch": 1.318359375,
                "LHipPitch": 2.8125,
                "LHipYaw": -0.087890625,
                "LHipRoll": -0.087890625,
                "RHipRoll": -0.087890625,
                "LAnkleRoll": -0.087890625,
                "LElbow": -9.140625,
                "RElbow": 8.701171875,
                "RHipPitch": -3.076171875,
                "HeadPan": -0.087890625,
                "RShoulderPitch": -49.921875
            }
        }
    ],
    "name": "talk1",
    "discription": "Bewegt Arme und Kopf passend zum Reden"

}
