{
    "author": "Unknown", 
    "description": "Edit me!", 
    "hostname": "atlas", 
    "keyframes": [
        {
            "duration": 1, 
            "goals": {
                "HeadPan": -0.615234375, 
                "HeadTilt": -0.703125, 
                "LAnklePitch": 17.05078125, 
                "LAnkleRoll": -0.439453125, 
                "LElbow": 45.615234375, 
                "LElbowRoll": 0.0, 
                "LHand": 0.0, 
                "LHipPitch": 49.04296875, 
                "LHipRoll": -3.69140625, 
                "LHipYaw": 2.28515625, 
                "LKnee": 3.427734375, 
                "LShoulderPitch": -155.0390625, 
                "LShoulderRoll": 43.41796875, 
                "RAnklePitch": -17.314453125, 
                "RAnkleRoll": -0.52734375, 
                "RElbow": -18.544921875, 
                "RElbowRoll": 0.0, 
                "RHand": 0.0, 
                "RHipPitch": -47.373046875, 
                "RHipRoll": -3.8671875, 
                "RHipYaw": 0.52734375, 
                "RKnee": -2.63671875, 
                "RShoulderPitch": 146.865234375, 
                "RShoulderRoll": -40.4296875
            }, 
            "pause": 0.0
        }, 
        {
            "duration": 1, 
            "goals": {
                "HeadPan": -0.52734375, 
                "HeadTilt": -0.615234375, 
                "LAnklePitch": 9.31640625, 
                "LAnkleRoll": -0.263671875, 
                "LElbow": 45.615234375, 
                "LElbowRoll": 0.0, 
                "LHand": 0.0, 
                "LHipPitch": 25.751953125, 
                "LHipRoll": -2.021484375, 
                "LHipYaw": 3.69140625, 
                "LKnee": 3.603515625, 
                "LShoulderPitch": -153.28125, 
                "LShoulderRoll": 42.451171875, 
                "RAnklePitch": -5.888671875, 
                "RAnkleRoll": -0.263671875, 
                "RElbow": -18.10546875, 
                "RElbowRoll": 0.0, 
                "RHand": 0.0, 
                "RHipPitch": -21.97265625, 
                "RHipRoll": -1.318359375, 
                "RHipYaw": 1.494140625, 
                "RKnee": -2.8125, 
                "RShoulderPitch": 144.052734375, 
                "RShoulderRoll": -40.078125
            }, 
            "pause": 0.0
        }, 
        {
            "duration": 1.0, 
            "goals": {
                "HeadPan": -0.52734375, 
                "HeadTilt": -0.52734375, 
                "LAnklePitch": 0.3515625, 
                "LAnkleRoll": 0.0, 
                "LElbow": 44.384765625, 
                "LElbowRoll": 0.0, 
                "LHand": 0.0, 
                "LHipPitch": -0.966796875, 
                "LHipRoll": 0.703125, 
                "LHipYaw": 3.603515625, 
                "LKnee": 1.58203125, 
                "LShoulderPitch": -150.29296875, 
                "LShoulderRoll": 42.5390625, 
                "RAnklePitch": -0.615234375, 
                "RAnkleRoll": -0.52734375, 
                "RElbow": -18.544921875, 
                "RElbowRoll": 0.0, 
                "RHand": 0.0, 
                "RHipPitch": 0.17578125, 
                "RHipRoll": 0.087890625, 
                "RHipYaw": 1.40625, 
                "RKnee": -0.703125, 
                "RShoulderPitch": 138.603515625, 
                "RShoulderRoll": -40.60546875
            }, 
            "pause": 0.0
        }, 
        {
            "duration": 1.0, 
            "goals": {
                "HeadPan": -0.439, 
                "HeadTilt": -0.527, 
                "LAnklePitch": 0.615, 
                "LAnkleRoll": -0.264, 
                "LElbow": 20.303, 
                "LElbowRoll": 0.0, 
                "LHand": 0.0, 
                "LHipPitch": -0.527, 
                "LHipRoll": 0.264, 
                "LHipYaw": 3.164, 
                "LKnee": 0.264, 
                "LShoulderPitch": -156.797, 
                "LShoulderRoll": 42.363, 
                "RAnklePitch": -1.23, 
                "RAnkleRoll": -1.23, 
                "RElbow": -17.842, 
                "RElbowRoll": 0.0, 
                "RHand": 0.0, 
                "RHipPitch": 1.055, 
                "RHipRoll": 0.176, 
                "RHipYaw": 1.055, 
                "RKnee": 1.23, 
                "RShoulderPitch": 158.115, 
                "RShoulderRoll": -42.627
            }, 
            "pause": 0.0
        }, 
        {
            "duration": 0.01, 
            "goals": {
                "HeadPan": -0.527, 
                "HeadTilt": -0.176, 
                "LAnklePitch": 1.143, 
                "LAnkleRoll": 1.055, 
                "LElbow": 93.779, 
                "LElbowRoll": 0.0, 
                "LHand": 0.0, 
                "LHipPitch": 13.0, 
                "LHipRoll": 0.439, 
                "LHipYaw": 3.252, 
                "LKnee": -0.967, 
                "LShoulderPitch": -108.896, 
                "LShoulderRoll": 31.377, 
                "RAnklePitch": -2.285, 
                "RAnkleRoll": -2.109, 
                "RElbow": -93.867, 
                "RElbowRoll": 0.0, 
                "RHand": 0.0, 
                "RHipPitch": -13.0, 
                "RHipRoll": -0.615, 
                "RHipYaw": 1.494, 
                "RKnee": 1.758, 
                "RShoulderPitch": 111.885, 
                "RShoulderRoll": -25.928
            }, 
            "pause": 0.5
        }, 
        {
            "duration": 1.0, 
            "goals": {
                "HeadPan": 0.088, 
                "HeadTilt": -0.264, 
                "LAnklePitch": 1.67, 
                "LAnkleRoll": 0.703, 
                "LElbow": 61.436, 
                "LElbowRoll": 0.0, 
                "LHand": 0.0, 
                "LHipPitch": 13.096, 
                "LHipRoll": 0.615, 
                "LHipYaw": 3.252, 
                "LKnee": -0.439, 
                "LShoulderPitch": -3.955, 
                "LShoulderRoll": 30.938, 
                "RAnklePitch": -2.021, 
                "RAnkleRoll": -1.318, 
                "RElbow": -80.156, 
                "RElbowRoll": 0.0, 
                "RHand": 0.0, 
                "RHipPitch": -13.447, 
                "RHipRoll": -0.352, 
                "RHipYaw": 0.352, 
                "RKnee": 1.23, 
                "RShoulderPitch": 11.777, 
                "RShoulderRoll": -26.191
            }, 
            "pause": 2.0
        }, 
        {
            "duration": 1.0, 
            "goals": {
                "HeadPan": -1.406, 
                "HeadTilt": -61.699, 
                "LAnklePitch": 8.086, 
                "LAnkleRoll": -0.264, 
                "LElbow": 79.365, 
                "LElbowRoll": 0.0, 
                "LHand": 0.0, 
                "LHipPitch": 46.494, 
                "LHipRoll": -1.23, 
                "LHipYaw": 2.637, 
                "LKnee": 1.934, 
                "LShoulderPitch": -35.684, 
                "LShoulderRoll": 33.574, 
                "RAnklePitch": -9.229, 
                "RAnkleRoll": -2.812, 
                "RElbow": -66.006, 
                "RElbowRoll": 0.0, 
                "RHand": 0.0, 
                "RHipPitch": -47.461, 
                "RHipRoll": -2.197, 
                "RHipYaw": -0.703, 
                "RKnee": -1.055, 
                "RShoulderPitch": 24.697, 
                "RShoulderRoll": -26.543
            }, 
            "pause": 0.0
        }, 
        {
            "duration": 1.0, 
            "goals": {
                "HeadPan": -0.527, 
                "HeadTilt": -35.596, 
                "LAnklePitch": -0.879, 
                "LAnkleRoll": 0.088, 
                "LElbow": 92.9, 
                "LElbowRoll": 0.0, 
                "LHand": 0.0, 
                "LHipPitch": 1.318, 
                "LHipRoll": 0.703, 
                "LHipYaw": 0.088, 
                "LKnee": -0.615, 
                "LShoulderPitch": -5.01, 
                "LShoulderRoll": 16.084,