{
    "author": "Unknown", 
    "description": "Edit me!", 
    "hostname": "wheatley", 
    "keyframes": [
        {
            "duration": 1, 
            "goals": {
                "HeadPan": 0.17578125, 
                "HeadTilt": -0.52734375, 
                "LAnklePitch": 36.73828125, 
                "LAnkleRoll": -0.3515625, 
                "LElbow": 91.669921875, 
                "LElbowRoll": 0.0, 
                "LHand": 0.0, 
                "LHipPitch": 98.876953125, 
                "LHipRoll": -1.58203125, 
                "LHipYaw": 1.23046875, 
                "LKnee": 1.40625, 
                "LShoulderPitch": -105.1171875, 
                "LShoulderRoll": 15.556640625, 
                "LShoulderYaw": 0.0, 
                "RAnklePitch": -37.79296875, 
                "RAnkleRoll": 0.703125, 
                "RElbow": -85.341796875, 
                "RElbowRoll": 0.0, 
                "RHand": 0.0, 
                "RHipPitch": -97.55859375, 
                "RHipRoll": 4.921875, 
                "RHipYaw": 1.40625, 
                "RKnee": -2.548828125, 
                "RShoulderPitch": 99.931640625, 
                "RShoulderRoll": -25.576171875, 
                "RShoulderYaw": 0.0
            }, 
            "pause": 0.0
        }, 
        {
            "duration": "1.000", 
            "goals": {
                "HeadPan": 0.176, 
                "HeadTilt": 0.0, 
                "LAnklePitch": 24.17, 
                "LAnkleRoll": -3.516, 
                "LElbow": 64.375, 
                "LHipPitch": 96.855, 
                "LHipRoll": -1.758, 
                "LHipYaw": -0.879, 
                "LKnee": 2.197, 
                "LShoulderPitch": -90.527, 
                "LShoulderRoll": 25.0, 
                "RAnklePitch": -24.609, 
                "RAnkleRoll": 0.0, 
                "RElbow": -61.191, 
                "RHipPitch": -100.635, 
                "RHipRoll": 6.768, 
                "RHipYaw": -0.264, 
                "RKnee": -4.746, 
                "RShoulderPitch": 85.254, 
                "RShoulderRoll": -25.0
            }, 
            "p": {}, 
            "pause": "0.000"
        }, 
        {
            "duration": "1.000", 
            "goals": {
                "HeadPan": 0.176, 
                "HeadTilt": 0.0, 
                "LAnklePitch": 24.17, 
                "LAnkleRoll": -3.516, 
                "LElbow": 64.375, 
                "LHipPitch": 96.855, 
                "LHipRoll": -1.758, 
                "LHipYaw": -0.879, 
                "LKnee": 2.197, 
                "LShoulderPitch": -90.527, 
                "LShoulderRoll": 35.0, 
                "RAnklePitch": -24.609, 
                "RAnkleRoll": 0.0, 
                "RElbow": -61.191, 
                "RHipPitch": -100.635, 
                "RHipRoll": 6.768, 
                "RHipYaw": -0.264, 
                "RKnee": -4.746, 
                "RShoulderPitch": 85.254, 
                "RShoulderRoll": -35.0
            }, 
            "p": {}, 
            "pause": "0.000"
        }, 
        {
            "duration": "1.000", 
            "goals": {
                "HeadPan": -0.439, 
                "HeadTilt": 0.0, 
                "LAnklePitch": 20.215, 
                "LAnkleRoll": -2.812, 
                "LElbow": 80.508, 
                "LHipPitch": 96.943, 
                "LHipRoll": -1.758, 
                "LHipYaw": -0.791, 
                "LKnee": 2.461, 
                "LShoulderPitch": -93.428, 
                "LShoulderRoll": 36.562, 
                "RAnklePitch": -19.775, 
                "RAnkleRoll": 0.703, 
                "RElbow": -55.723, 
                "RHipPitch": -100.635, 
                "RHipRoll": 4.57, 
                "RHipYaw": 0.879, 
                "RKnee": -4.834, 
                "RShoulderPitch": 82.354, 
                "RShoulderRoll": -34.805
            }, 
            "p": {}, 
            "pause": "0.000"
        }, 
        {
            "duration": "1.000", 
            "goals": {
                "HeadPan": -0.352, 
                "HeadTilt": 0.0, 
                "LAnklePitch": 18.281, 
                "LAnkleRoll": -2.988, 
                "LElbow": 80.42, 
                "LHipPitch": 96.943, 
                "LHipRoll": -1.758, 
                "LHipYaw": -1.23, 
                "LKnee": 2.549, 
                "LShoulderPitch": -90.791, 
                "LShoulderRoll": 45.0, 
                "RAnklePitch": -16.875, 
                "RAnkleRoll": 0.791, 
                "RElbow": -58.623, 
                "RHipPitch": -100.635, 
                "RHipRoll": 5.098, 
                "RHipYaw": 0.967, 
                "RKnee": -4.834, 
                "RShoulderPitch": 80.771, 
                "RShoulderRoll": -45.0
            }, 
            "p": {}, 
            "pause": "0.000"
        }, 
        {
            "duration": "1.000", 
            "goals": {
                "HeadPan": -0.352, 
                "HeadTilt": 0.0, 
                "LAnklePitch": 18.193, 
                "LAnkleRoll": -2.988, 
                "LElbow": 79.277, 
                "LHipPitch": 97.031, 
                "LHipRoll": -1.758, 
                "LHipYaw": -1.23, 
                "LKnee": 2.549, 
                "LShoulderPitch": -78.311, 
                "LShoulderRoll": 45.0, 
                "RAnklePitch": -16.875, 
                "RAnkleRoll": 0.791, 
                "RElbow": -72.158, 
                "RHipPitch": -100.635, 
                "RHipRoll": 5.01, 
                "RHipYaw": 0.967, 
                "RKnee": -4.834, 
                "RShoulderPitch": 74.531, 
                "RShoulderRoll": -45.0
            }, 
            "p": {}, 
            "pause": "0.000"
        }, 
        {
            "duration": "1.000", 
            "goals": {
                "HeadPan": 0.088, 
                "HeadTilt": -0.791, 
                "LAnklePitch": 16.699, 
                "LAnkleRoll": -1.67, 
                "LElbow": 76.992, 
                "LElbowRoll": 0.0, 
                "LHand": 0.0, 
                "LHipPitch": 99.316, 
                "LHipRoll": -0.703, 
                "LHipYaw": -1.494, 
                "LKnee": -30.0, 
                "LShoulderPitch": -80.42, 
                "LShoulderRoll": 43.945, 
                "RAnklePitch": -15.82, 
                "RAnkleRoll": 0.264, 
                "RElbow": -70.928, 
                "RElbowRoll": 0.0, 
                "RHand": 0.0, 
                "RHipPitch": -100.811, 
                "RHipRoll": 4.746, 
                "RHipYaw": 0.703, 
                "RKnee": 30.0, 
                "RShoulderPitch": 75.85, 
                "RShoulderRoll": -45.615
            }, 
            "p": {}, 
            "pause": "0.000"
        }, 
        {
            "duration": "1.000", 
            "goals": {
                "HeadPan": 0.176, 
                "HeadTilt": 0.0, 
                "LAnklePitch": 15.83, 
                "LAnkleRoll": -1.494, 
                "LElbow": 78.75, 
                "LHipPitch": 35.42, 
                "LHipRoll": -3.34, 
                "LHipYaw": 2.461, 
                "LKnee": 0.264, 
                "LShoulderPitch": -76.113, 
                "LShoulderRoll": 45.0, 
                "RAnklePitch": -13.721, 
                "RAnkleRoll": -1.318, 
                "RElbow": -72.773, 
                "RHipPitch": -37.09, 
                "RHipRoll": -4.307, 
                "RHipYaw": 0.703, 
                "RKnee": -2.373, 
                "RShoulderPitch": 70.928, 
                "RShoulderRoll": -45.0
            }, 
            "p": {}, 
            "pause": "0.000"
        }
    ], 
    "last_edited": "2014-07-23 23:10:03.740579", 
    "name": "pickup_new_hands_neu", 
    "version": 4
}
