{
    "author": "Schnupperstudenten 2014",
    "description": "Nimmt den Ball 2014 auf und wirft ihn",
    "hostname": "fiona",
    "keyframes": [
        {
            "duration": 1.0,
            "goals": {
                "HeadPan": -0.087890625,
                "HeadTilt": -35.0,
                "LAnklePitch": -1.58203125,
                "LAnkleRoll": -0.087890625,
                "LElbow": -9.140625,
                "LHipPitch": 2.8125,
                "LHipRoll": -0.087890625,
                "LHipYaw": -0.087890625,
                "LKnee": -0.087890625,
                "LShoulderPitch": 49.39453125,
                "LShoulderRoll": 25.927734375,
                "RAnklePitch": 1.318359375,
                "RAnkleRoll": -0.087890625,
                "RElbow": 8.701171875,
                "RHipPitch": -3.076171875,
                "RHipRoll": -0.087890625,
                "RHipYaw": -0.087890625,
                "RKnee": -0.087890625,
                "RShoulderPitch": -49.921875,
                "RShoulderRoll": -26.455078125
            },
            "pause": 0.0
        },
        {
            "duration": 1,
            "goals": {
                "HeadPan": 0.0,
                "HeadTilt": -34.98046875,
                "LAnklePitch": -66.708984375,
                "LAnkleRoll": -0.3515625,
                "LElbow": -8.876953125,
                "LElbowRoll": 0.0,
                "LHand": 0.0,
                "LHipPitch": 81.123046875,
                "LHipRoll": 0.263671875,
                "LHipYaw": 0.17578125,
                "LKnee": -126.474609375,
                "LShoulderPitch": 48.251953125,
                "LShoulderRoll": 25.048828125,
                "LShoulderYaw": 0.0,
                "RAnklePitch": 67.763671875,
                "RAnkleRoll": 0.439453125,
                "RElbow": 7.734375,
                "RElbowRoll": 0.0,
                "RHand": 0.0,
                "RHipPitch": -78.3984375,
                "RHipRoll": -0.263671875,
                "RHipYaw": -0.3515625,
                "RKnee": 127.001953125,
                "RShoulderPitch": -48.33984375,
                "RShoulderRoll": -26.19140625,
                "RShoulderYaw": 0.0
            },
            "pause": 0.0
        },
        {
            "duration": "1.000",
            "goals": {
                "HeadPan": 0.088,
                "HeadTilt": -33.926,
                "LAnklePitch": -67.852,
                "LAnkleRoll": -0.791,
                "LElbow": -7.998,
                "LElbowRoll": 0.0,
                "LHand": 0.0,
                "LHipPitch": 81.211,
                "LHipRoll": 0.967,
                "LHipYaw": -10.723,
                "LKnee": -127.969,
                "LShoulderPitch": -6.768,
                "LShoulderRoll": 2.197,
                "LShoulderYaw": 0.0,
                "RAnklePitch": 68.994,
                "RAnkleRoll": 1.758,
                "RElbow": 4.834,
                "RElbowRoll": 0.0,
                "RHand": 0.0,
                "RHipPitch": -78.574,
                "RHipRoll": -1.055,
                "RHipYaw": 17.578,
                "RKnee": 128.936,
                "RShoulderPitch": 6.68,
                "RShoulderRoll": 5.713,
                "RShoulderYaw": 0.0
            },
            "p": {},
            "pause": "0.000"
        },
        {
            "duration": "1.000",
            "goals": {
                "HeadPan": 0.088,
                "HeadTilt": -33.926,
                "LAnklePitch": -68.291,
                "LAnkleRoll": -0.791,
                "LElbow": 91.934,
                "LElbowRoll": 0.0,
                "LHand": 0.0,
                "LHipPitch": 81.65,
                "LHipRoll": 0.703,
                "LHipYaw": -10.723,
                "LKnee": -127.969,
                "LShoulderPitch": -52.822,
                "LShoulderRoll": 55.725,
                "LShoulderYaw": 0.0,
                "RAnklePitch": 69.521,
                "RAnkleRoll": 1.758,
                "RElbow": -93.252,
                "RElbowRoll": 0.0,
                "RHand": 0.0,
                "RHipPitch": -78.926,
                "RHipRoll": -0.967,
                "RHipYaw": 17.666,
                "RKnee": 128.936,
                "RShoulderPitch": 54.492,
                "RShoulderRoll": -55.188,
                "RShoulderYaw": 0.0
            },
            "p": {},
            "pause": "0.000"
        },
        {
            "duration": "1.000",
            "goals": {
                "HeadPan": 0.0,
                "HeadTilt": -32.871,
                "LAnklePitch": -68.291,
                "LAnkleRoll": 0.527,
                "LElbow": 90.879,
                "LElbowRoll": 0.0,
                "LHand": 0.0,
                "LHipPitch": 62.314,
                "LHipRoll": -0.352,
                "LHipYaw": -10.371,
                "LKnee": -128.584,
                "LShoulderPitch": -51.592,
                "LShoulderRoll": 55.582,
                "LShoulderYaw": 0.0,
                "RAnklePitch": 69.258,
                "RAnkleRoll": 1.23,
                "RElbow": -93.252,
                "RElbowRoll": 0.0,
                "RHand": 0.0,
                "RHipPitch": -56.602,
                "RHipRoll": -0.352,
                "RHipYaw": 16.875,
                "RKnee": 127.617,
                "RShoulderPitch": 53.35,
                "RShoulderRoll": -55.836,
                "RShoulderYaw": 0.0
            },
            "p": {},
            "pause": "0.000"
        },
        {
            "duration": "1.000",
            "goals": {
                "HeadPan": 0.0,
                "HeadTilt": -32.871,
                "LAnklePitch": -68.027,
                "LAnkleRoll": -0.352,
                "LElbow": 91.055,
                "LElbowRoll": 0.0,
                "LHand": 0.0,
                "LHipPitch": 62.227,
                "LHipRoll": 0.527,
                "LHipYaw": 0.264,
                "LKnee": -128.76,
                "LShoulderPitch": -51.504,
                "LShoulderRoll": 55.758,
                "LShoulderYaw": 0.0,
                "RAnklePitch": 70.4,
                "RAnkleRoll": 0.615,
                "RElbow": -93.34,
                "RElbowRoll": 0.0,
                "RHand": 0.0,
                "RHipPitch": -57.832,
                "RHipRoll": -0.352,
                "RHipYaw": 0.352,
                "RKnee": 129.727,
                "RShoulderPitch": 53.262,
                "RShoulderRoll": -55.836,
                "RShoulderYaw": 0.0
            },
            "p": {},
            "pause": "0.000"
        },
        {
            "duration": "1.000",
            "goals": {
                "HeadPan": 0.0,
                "HeadTilt": -32.871,
                "LAnklePitch": -41.133,
                "LAnkleRoll": -0.352,
                "LElbow": 91.055,
                "LElbowRoll": 0.0,
                "LHand": 0.0,
                "LHipPitch": 36.299,
                "LHipRoll": 0.439,
                "LHipYaw": 0.176,
                "LKnee": -76.904,
                "LShoulderPitch": -51.504,
                "LShoulderRoll": 55.67,
                "LShoulderYaw": 0.0,
                "RAnklePitch": 45.615,
                "RAnkleRoll": 1.23,
                "RElbow": -93.34,
                "RElbowRoll": 0.0,
                "RHand": 0.0,
                "RHipPitch": -29.707,
                "RHipRoll": 0.176,
                "RHipYaw": 0.176,
                "RKnee": 76.729,
                "RShoulderPitch": 53.262,
                "RShoulderRoll": -55.836,
                "RShoulderYaw": 0.0
            },
            "p": {},
            "pause": "0.000"
        },
        {
            "duration": "1.000",
            "goals": {
                "HeadPan": 0.0,
                "HeadTilt": 10.871,
                "LAnklePitch": -40.43,
                "LAnkleRoll": -0.176,
                "LElbow": 30.143,
                "LElbowRoll": 0.0,
                "LHand": 0.0,