{
    "keyframes": [
        {
            "duration": 1,
            "goals": {
                "HeadPan": -0.263671875,
                "HeadTilt": -65.0,
                "LAnklePitch": -61.083984375,
                "LAnkleRoll": -11.953125,
                "LElbow": 10.8984375,
                "LHipPitch": 51.943359375,
                "LHipRoll": -14.853515625,
                "LHipYaw": -1.0546875,
                "LKnee": -112.8515625,
                "LShoulderPitch": -59.58984375,
                "LShoulderRoll": 56.162109375,
                "RAnklePitch": 56.77734375,
                "RAnkleRoll": 9.755859375,
                "RElbow": -30.76171875,
                "RHipPitch": -57.83203125,
                "RHipRoll": 6.6796875,
                "RHipYaw": 2.021484375,
                "RKnee": 113.818359375,
                "RShoulderPitch": 66.533203125,
                "RShoulderRoll": -61.34765625
            },
            "pause": 1.5
        },
        {
            "duration": 1,
            "goals": {
                "HeadPan": -0.263671875,
                "HeadTilt": -65.0,
                "LAnklePitch": 1.7578125,
                "LAnkleRoll": 0.439453125,
                "LElbow": 26.54296875,
                "LHipPitch": -9.66796875,
                "LHipRoll": -0.52734375,
                "LHipYaw": -0.703125,
                "LKnee": -1.93359375,
                "LShoulderPitch": -58.623046875,
                "LShoulderRoll": 57.568359375,
                "RAnklePitch": -1.58203125,
                "RAnkleRoll": -0.703125,
                "RElbow": -38.583984375,
                "RHipPitch": 10.810546875,
                "RHipRoll": -1.58203125,
                "RHipYaw": -0.703125,
                "RKnee": 0.263671875,
                "RShoulderPitch": 62.2265625,
                "RShoulderRoll": -61.34765625
            },
            "pause": 0.0
        },
        {
            "duration": 1,
            "goals": {
                "HeadPan": -0.3515625,
                "HeadTilt": -65.0,
                "LAnklePitch": -32.431640625,
                "LAnkleRoll": 0.17578125,
                "LElbow": 25.83984375,
                "LHipPitch": -21.005859375,
                "LHipRoll": -7.119140625,
                "LHipYaw": -10.1953125,
                "LKnee": -29.70703125,
                "LShoulderPitch": -59.23828125,
                "LShoulderRoll": 55.37109375,
                "RAnklePitch": -13.447265625,
                "RAnkleRoll": -1.23046875,
                "RElbow": -38.671875,
                "RHipPitch": -15.205078125,
                "RHipRoll": -11.07421875,
                "RHipYaw": -13.623046875,
                "RKnee": 14.4140625,
                "RShoulderPitch": 58.798828125,
                "RShoulderRoll": -60.46875
            },
            "pause": 0.0
        },
        {
            "duration": 1,
            "goals": {
                "HeadPan": 0.3515625,
                "HeadTilt": -20.0,
                "LAnklePitch": -37.6171875,
                "LAnkleRoll": -2.548828125,
                "LElbow": 9.052734375,
                "LHipPitch": -24.2578125,
                "LHipRoll": -8.61328125,
                "LHipYaw": -2.021484375,
                "LKnee": -24.9609375,
                "LShoulderPitch": -143.4375,
                "LShoulderRoll": 50.712890625,
                "RAnklePitch": -15.29296875,
                "RAnkleRoll": 10.01953125,
                "RElbow": -28.4765625,
                "RHipPitch": -26.015625,
                "RHipRoll": 0.52734375,
                "RHipYaw": -8.7890625,
                "RKnee": 16.962890625,
                "RShoulderPitch": 155.21484375,
                "RShoulderRoll": -52.734375
            },
            "pause": 0.0
        },
        {
            "duration": 0.01,
            "goals": {
                "HeadPan": -0.263671875,
                "HeadTilt": -25.0,
                "LAnklePitch": -38.84765625,
                "LAnkleRoll": -0.3515625,
                "LElbow": 79.62890625,
                "LHipPitch": -22.5,
                "LHipRoll": -1.23046875,
                "LHipYaw": -1.0546875,
                "LKnee": -25.400390625,
                "LShoulderPitch": -150.1171875,
                "LShoulderRoll": 50.185546875,
                "RAnklePitch": -17.40234375,
                "RAnkleRoll": 8.61328125,
                "RElbow": -84.638671875,
                "RHipPitch": -34.27734375,
                "RHipRoll": 3.251953125,
                "RHipYaw": -5.888671875,
                "RKnee": 17.9296875,
                "RShoulderPitch": 148.0078125,
                "RShoulderRoll": -54.84375
            },
            "pause": 0.05
        },
        {
            "duration": 0.01,
            "goals": {
                "HeadPan": -0.263671875,
                "HeadTilt": -25.0,
                "LAnklePitch": -55.01953125,
                "LAnkleRoll": 5.712890625,
                "LElbow": 82.001953125,
                "LHipPitch": -29.091796875,
                "LHipRoll": 1.40625,
                "LHipYaw": -0.3515625,
                "LKnee": -28.30078125,
                "LShoulderPitch": -113.203125,
                "LShoulderRoll": 27.94921875,
                "RAnklePitch": -48.8671875,
                "RAnkleRoll": 14.501953125,
                "RElbow": -84.638671875,
                "RHipPitch": -50.625,
                "RHipRoll": 11.953125,
                "RHipYaw": -12.041015625,
                "RKnee": -1.93359375,
                "RShoulderPitch": 117.861328125,
                "RShoulderRoll": -26.103515625
            },
            "pause": 0.0
        }
    ],
    "name": "/tmp/backup.json"
}
